relative_path,size_bytes,signature,autocad_release,readiness
"Пилотный проект 20 улиц/1. Олимпийская деревня/Исходные данные/000878-2026_Олимпийская деревня/ИП_Олимпийская деревня/10000176_Олимпийская деревня/10000176_Олимпийская деревня.dwg",66003626,"AC1027","R2013-R2017","candidate_same_or_newer_dxf"
"Пилотный проект 20 улиц/1. Олимпийская деревня/Исходные данные/000878-2026_Олимпийская деревня/ИП_Олимпийская деревня/PaxHeader/10000176_Олимпийская деревня.dwg",307,"241 pa","not_recognized_as_dwg","rejected_before_conversion"
"Пилотный проект 20 улиц/1. Олимпийская деревня/Исходные данные/000878-2026_Олимпийская деревня/ИП_Олимпийская деревня/PaxHeader/ИП_Олимпийская деревня.dwg",256,"190 pa","not_recognized_as_dwg","rejected_before_conversion"
"Пилотный проект 20 улиц/1. Олимпийская деревня/Исходные данные/000878-2026_Олимпийская деревня/ИП_Олимпийская деревня/ИП_Олимпийская деревня.dwg",2231584,"AC1032","R2018-R2025","target_ac1032"
"Пилотный проект 20 улиц/1. Олимпийская деревня/Исходные данные/01 ирд/10000176_олимпийская деревня/10000176_генплан_олимп - standard/3ДЖКХ-24_02565/PaxHeader/output[1-2]_3_ДЖКХ-24_02565tp.dwg",276,"210 pa","not_recognized_as_dwg","rejected_before_conversion"
"Пилотный проект 20 улиц/1. Олимпийская деревня/Исходные данные/01 ирд/10000176_олимпийская деревня/10000176_генплан_олимп - standard/3ДЖКХ-24_02565/output[1-2]_3_ДЖКХ-24_02565tp.dwg",1192841,"AC1032","R2018-R2025","target_ac1032"
"Пилотный проект 20 улиц/1. Олимпийская деревня/Исходные данные/01 ирд/10000176_олимпийская деревня/10000176_генплан_олимп - standard/3ДЖКХ-25_00103/PaxHeader/output[1]_3_ДЖКХ-25_00103tp.dwg",244,"208 pa","not_recognized_as_dwg","rejected_before_conversion"
"Пилотный проект 20 улиц/1. Олимпийская деревня/Исходные данные/01 ирд/10000176_олимпийская деревня/10000176_генплан_олимп - standard/3ДЖКХ-25_00103/PaxHeader/output[2]_3_ДЖКХ-25_00103tp.dwg",244,"208 pa","not_recognized_as_dwg","rejected_before_conversion"
"Пилотный проект 20 улиц/1. Олимпийская деревня/Исходные данные/01 ирд/10000176_олимпийская деревня/10000176_генплан_олимп - standard/3ДЖКХ-25_00103/PaxHeader/output[4]_3_ДЖКХ-25_00103tp.dwg",244,"208 pa","not_recognized_as_dwg","rejected_before_conversion"
"Пилотный проект 20 улиц/1. Олимпийская деревня/Исходные данные/01 ирд/10000176_олимпийская деревня/10000176_генплан_олимп - standard/3ДЖКХ-25_00103/PaxHeader/output[5]_3_ДЖКХ-25_00103tp.dwg",244,"208 pa","not_recognized_as_dwg","rejected_before_conversion"
"Пилотный проект 20 улиц/1. Олимпийская деревня/Исходные данные/01 ирд/10000176_олимпийская деревня/10000176_генплан_олимп - standard/3ДЖКХ-25_00103/output[1]_3_ДЖКХ-25_00103tp.dwg",65304,"AC1032","R2018-R2025","target_ac1032"
"Пилотный проект 20 улиц/1. Олимпийская деревня/Исходные данные/01 ирд/10000176_олимпийская деревня/10000176_генплан_олимп - standard/3ДЖКХ-25_00103/output[2]_3_ДЖКХ-25_00103tp.dwg",25066,"AC1032","R2018-R2025","target_ac1032"
"Пилотный проект 20 улиц/1. Олимпийская деревня/Исходные данные/01 ирд/10000176_олимпийская деревня/10000176_генплан_олимп - standard/3ДЖКХ-25_00103/output[4]_3_ДЖКХ-25_00103tp.dwg",43536,"AC1032","R2018-R2025","target_ac1032"
"Пилотный проект 20 улиц/1. Олимпийская деревня/Исходные данные/01 ирд/10000176_олимпийская деревня/10000176_генплан_олимп - standard/3ДЖКХ-25_00103/output[5]_3_ДЖКХ-25_00103tp.dwg",22185,"AC1032","R2018-R2025","target_ac1032"
"Пилотный проект 20 улиц/1. Олимпийская деревня/Исходные данные/01 ирд/10000176_олимпийская деревня/10000176_генплан_олимп - standard/3ДЖКХ-25_02023/PaxHeader/output[1-4]_3_ДЖКХ-25_02023tp.dwg",276,"210 pa","not_recognized_as_dwg","rejected_before_conversion"
"Пилотный проект 20 улиц/1. Олимпийская деревня/Исходные данные/01 ирд/10000176_олимпийская деревня/10000176_генплан_олимп - standard/3ДЖКХ-25_02023/output[1-4]_3_ДЖКХ-25_02023tp.dwg",2688237,"AC1032","R2018-R2025","target_ac1032"
"Пилотный проект 20 улиц/1. Олимпийская деревня/Исходные данные/01 ирд/10000176_олимпийская деревня/10000176_генплан_олимп - standard/3ДЖКХ-25_03117/PaxHeader/output[1-18]_3_ДЖКХ-25_03117kl.dwg",277,"211 pa","not_recognized_as_dwg","rejected_before_conversion"
"Пилотный проект 20 улиц/1. Олимпийская деревня/Исходные данные/01 ирд/10000176_олимпийская деревня/10000176_генплан_олимп - standard/3ДЖКХ-25_03117/PaxHeader/output[1-18]_3_ДЖКХ-25_03117pp.dwg",247,"211 pa","not_recognized_as_dwg","rejected_before_conversion"
"Пилотный проект 20 улиц/1. Олимпийская деревня/Исходные данные/01 ирд/10000176_олимпийская деревня/10000176_генплан_олимп - standard/3ДЖКХ-25_03117/PaxHeader/output[1-18]_3_ДЖКХ-25_03117tp.dwg",277,"211 pa","not_recognized_as_dwg","rejected_before_conversion"
"Пилотный проект 20 улиц/1. Олимпийская деревня/Исходные данные/01 ирд/10000176_олимпийская деревня/10000176_генплан_олимп - standard/3ДЖКХ-25_03117/PaxHeader/output[1-18]_3_ДЖКХ-25_03117up.dwg",277,"211 pa","not_recognized_as_dwg","rejected_before_conversion"
"Пилотный проект 20 улиц/1. Олимпийская деревня/Исходные данные/01 ирд/10000176_олимпийская деревня/10000176_генплан_олимп - standard/3ДЖКХ-25_03117/PaxHeader/output[1-18]_brd.dwg",229,"193 pa","not_recognized_as_dwg","rejected_before_conversion"
"Пилотный проект 20 улиц/1. Олимпийская деревня/Исходные данные/01 ирд/10000176_олимпийская деревня/10000176_генплан_олимп - standard/3ДЖКХ-25_03117/output[1-18]_3_ДЖКХ-25_03117kl.dwg",10910264,"AC1015","R2000","candidate_same_or_newer_dxf"
"Пилотный проект 20 улиц/1. Олимпийская деревня/Исходные данные/01 ирд/10000176_олимпийская деревня/10000176_генплан_олимп - standard/3ДЖКХ-25_03117/output[1-18]_3_ДЖКХ-25_03117pp.dwg",280010,"AC1032","R2018-R2025","target_ac1032"
"Пилотный проект 20 улиц/1. Олимпийская деревня/Исходные данные/01 ирд/10000176_олимпийская деревня/10000176_генплан_олимп - standard/3ДЖКХ-25_03117/output[1-18]_3_ДЖКХ-25_03117tp.dwg",21509889,"AC1032","R2018-R2025","target_ac1032"
"Пилотный проект 20 улиц/1. Олимпийская деревня/Исходные данные/01 ирд/10000176_олимпийская деревня/10000176_генплан_олимп - standard/3ДЖКХ-25_03117/output[1-18]_3_ДЖКХ-25_03117up.dwg",15545378,"AC1032","R2018-R2025","target_ac1032"
"Пилотный проект 20 улиц/1. Олимпийская деревня/Исходные данные/01 ирд/10000176_олимпийская деревня/10000176_генплан_олимп - standard/3ДЖКХ-25_03117/output[1-18]_brd.dwg",108257,"AC1032","R2018-R2025","target_ac1032"
"Пилотный проект 20 улиц/1. Олимпийская деревня/Исходные данные/01 ирд/10000176_олимпийская деревня/10000176_генплан_олимп - standard/3ДЖКХпр-25_03117_1/PaxHeader/output[1-3]_3_ДЖКХпр-25_03117_1kl.dwg",287,"222 pa","not_recognized_as_dwg","rejected_before_conversion"
"Пилотный проект 20 улиц/1. Олимпийская деревня/Исходные данные/01 ирд/10000176_олимпийская деревня/10000176_генплан_олимп - standard/3ДЖКХпр-25_03117_1/PaxHeader/output[1-3]_3_ДЖКХпр-25_03117_1tp.dwg",288,"222 pa","not_recognized_as_dwg","rejected_before_conversion"
"Пилотный проект 20 улиц/1. Олимпийская деревня/Исходные данные/01 ирд/10000176_олимпийская деревня/10000176_генплан_олимп - standard/3ДЖКХпр-25_03117_1/PaxHeader/output[1-3]_brd.dwg",234,"198 pa","not_recognized_as_dwg","rejected_before_conversion"
"Пилотный проект 20 улиц/1. Олимпийская деревня/Исходные данные/01 ирд/10000176_олимпийская деревня/10000176_генплан_олимп - standard/3ДЖКХпр-25_03117_1/PaxHeader/output[4]_3_ДЖКХпр-25_03117_1kl.dwg",256,"220 pa","not_recognized_as_dwg","rejected_before_conversion"
"Пилотный проект 20 улиц/1. Олимпийская деревня/Исходные данные/01 ирд/10000176_олимпийская деревня/10000176_генплан_олимп - standard/3ДЖКХпр-25_03117_1/PaxHeader/output[4]_3_ДЖКХпр-25_03117_1tp.dwg",256,"220 pa","not_recognized_as_dwg","rejected_before_conversion"
"Пилотный проект 20 улиц/1. Олимпийская деревня/Исходные данные/01 ирд/10000176_олимпийская деревня/10000176_генплан_олимп - standard/3ДЖКХпр-25_03117_1/PaxHeader/output[4]_3_ДЖКХпр-25_03117_1up.dwg",256,"220 pa","not_recognized_as_dwg","rejected_before_conversion"
"Пилотный проект 20 улиц/1. Олимпийская деревня/Исходные данные/01 ирд/10000176_олимпийская деревня/10000176_генплан_олимп - standard/3ДЖКХпр-25_03117_1/PaxHeader/output[4]_brd.dwg",232,"196 pa","not_recognized_as_dwg","rejected_before_conversion"
"Пилотный проект 20 улиц/1. Олимпийская деревня/Исходные данные/01 ирд/10000176_олимпийская деревня/10000176_генплан_олимп - standard/3ДЖКХпр-25_03117_1/PaxHeader/output[5]_3_ДЖКХпр-25_03117_1kl.dwg",256,"220 pa","not_recognized_as_dwg","rejected_before_conversion"
"Пилотный проект 20 улиц/1. Олимпийская деревня/Исходные данные/01 ирд/10000176_олимпийская деревня/10000176_генплан_олимп - standard/3ДЖКХпр-25_03117_1/PaxHeader/output[6]_3_ДЖКХпр-25_03117_1kl.dwg",256,"220 pa","not_recognized_as_dwg","rejected_before_conversion"
"Пилотный проект 20 улиц/1. Олимпийская деревня/Исходные данные/01 ирд/10000176_олимпийская деревня/10000176_генплан_олимп - standard/3ДЖКХпр-25_03117_1/PaxHeader/output[6]_3_ДЖКХпр-25_03117_1tp.dwg",286,"220 pa","not_recognized_as_dwg","rejected_before_conversion"
"Пилотный проект 20 улиц/1. Олимпийская деревня/Исходные данные/01 ирд/10000176_олимпийская деревня/10000176_генплан_олимп - standard/3ДЖКХпр-25_03117_1/PaxHeader/output[6]_3_ДЖКХпр-25_03117_1up.dwg",256,"220 pa","not_recognized_as_dwg","rejected_before_conversion"
"Пилотный проект 20 улиц/1. Олимпийская деревня/Исходные данные/01 ирд/10000176_олимпийская деревня/10000176_генплан_олимп - standard/3ДЖКХпр-25_03117_1/PaxHeader/output[6]_brd.dwg",232,"196 pa","not_recognized_as_dwg","rejected_before_conversion"
"Пилотный проект 20 улиц/1. Олимпийская деревня/Исходные данные/01 ирд/10000176_олимпийская деревня/10000176_генплан_олимп - standard/3ДЖКХпр-25_03117_1/output[1-3]_3_ДЖКХпр-25_03117_1kl.dwg",605417,"AC1015","R2000","candidate_same_or_newer_dxf"
"Пилотный проект 20 улиц/1. Олимпийская деревня/Исходные данные/01 ирд/10000176_олимпийская деревня/10000176_генплан_олимп - standard/3ДЖКХпр-25_03117_1/output[1-3]_3_ДЖКХпр-25_03117_1tp.dwg",4352301,"AC1032","R2018-R2025","target_ac1032"
"Пилотный проект 20 улиц/1. Олимпийская деревня/Исходные данные/01 ирд/10000176_олимпийская деревня/10000176_генплан_олимп - standard/3ДЖКХпр-25_03117_1/output[1-3]_brd.dwg",40346,"AC1032","R2018-R2025","target_ac1032"
"Пилотный проект 20 улиц/1. Олимпийская деревня/Исходные данные/01 ирд/10000176_олимпийская деревня/10000176_генплан_олимп - standard/3ДЖКХпр-25_03117_1/output[4]_3_ДЖКХпр-25_03117_1kl.dwg",886823,"AC1015","R2000","candidate_same_or_newer_dxf"
"Пилотный проект 20 улиц/1. Олимпийская деревня/Исходные данные/01 ирд/10000176_олимпийская деревня/10000176_генплан_олимп - standard/3ДЖКХпр-25_03117_1/output[4]_3_ДЖКХпр-25_03117_1tp.dwg",351641,"AC1032","R2018-R2025","target_ac1032"
"Пилотный проект 20 улиц/1. Олимпийская деревня/Исходные данные/01 ирд/10000176_олимпийская деревня/10000176_генплан_олимп - standard/3ДЖКХпр-25_03117_1/output[4]_3_ДЖКХпр-25_03117_1up.dwg",102567,"AC1032","R2018-R2025","target_ac1032"
"Пилотный проект 20 улиц/1. Олимпийская деревня/Исходные данные/01 ирд/10000176_олимпийская деревня/10000176_генплан_олимп - standard/3ДЖКХпр-25_03117_1/output[4]_brd.dwg",24071,"AC1032","R2018-R2025","target_ac1032"
"Пилотный проект 20 улиц/1. Олимпийская деревня/Исходные данные/01 ирд/10000176_олимпийская деревня/10000176_генплан_олимп - standard/3ДЖКХпр-25_03117_1/output[5]_3_ДЖКХпр-25_03117_1kl.dwg",246851,"AC1015","R2000","candidate_same_or_newer_dxf"
"Пилотный проект 20 улиц/1. Олимпийская деревня/Исходные данные/01 ирд/10000176_олимпийская деревня/10000176_генплан_олимп - standard/3ДЖКХпр-25_03117_1/output[6]_3_ДЖКХпр-25_03117_1kl.dwg",378668,"AC1015","R2000","candidate_same_or_newer_dxf"
"Пилотный проект 20 улиц/1. Олимпийская деревня/Исходные данные/01 ирд/10000176_олимпийская деревня/10000176_генплан_олимп - standard/3ДЖКХпр-25_03117_1/output[6]_3_ДЖКХпр-25_03117_1tp.dwg",530373,"AC1032","R2018-R2025","target_ac1032"
"Пилотный проект 20 улиц/1. Олимпийская деревня/Исходные данные/01 ирд/10000176_олимпийская деревня/10000176_генплан_олимп - standard/3ДЖКХпр-25_03117_1/output[6]_3_ДЖКХпр-25_03117_1up.dwg",301233,"AC1032","R2018-R2025","target_ac1032"
"Пилотный проект 20 улиц/1. Олимпийская деревня/Исходные данные/01 ирд/10000176_олимпийская деревня/10000176_генплан_олимп - standard/3ДЖКХпр-25_03117_1/output[6]_brd.dwg",24297,"AC1032","R2018-R2025","target_ac1032"
"Пилотный проект 20 улиц/1. Олимпийская деревня/Исходные данные/01 ирд/10000176_олимпийская деревня/10000176_генплан_олимп - standard/ссылки/10000176_Борта.dwg",753562,"AC1032","R2018-R2025","target_ac1032"
"Пилотный проект 20 улиц/1. Олимпийская деревня/Исходные данные/01 ирд/10000176_олимпийская деревня/10000176_генплан_олимп - standard/ссылки/10000176_Границы работ_Олимп.dwg",436085,"AC1032","R2018-R2025","target_ac1032"
"Пилотный проект 20 улиц/1. Олимпийская деревня/Исходные данные/01 ирд/10000176_олимпийская деревня/10000176_генплан_олимп - standard/ссылки/10000176_Заливки.dwg",1404722,"AC1032","R2018-R2025","target_ac1032"
"Пилотный проект 20 улиц/1. Олимпийская деревня/Исходные данные/01 ирд/10000176_олимпийская деревня/10000176_генплан_олимп - standard/ссылки/10000176_олх.dwg",412050,"AC1032","R2018-R2025","target_ac1032"
"Пилотный проект 20 улиц/1. Олимпийская деревня/Исходные данные/01 ирд/10000176_олимпийская деревня/10000176_генплан_олимп - standard/ссылки/PaxHeader/10000176_Борта.dwg",226,"190 pa","not_recognized_as_dwg","rejected_before_conversion"
"Пилотный проект 20 улиц/1. Олимпийская деревня/Исходные данные/01 ирд/10000176_олимпийская деревня/10000176_генплан_олимп - standard/ссылки/PaxHeader/10000176_Границы работ_Олимп.dwg",252,"216 pa","not_recognized_as_dwg","rejected_before_conversion"
"Пилотный проект 20 улиц/1. Олимпийская деревня/Исходные данные/01 ирд/10000176_олимпийская деревня/10000176_генплан_олимп - standard/ссылки/PaxHeader/10000176_Заливки.dwg",230,"194 pa","not_recognized_as_dwg","rejected_before_conversion"
"Пилотный проект 20 улиц/1. Олимпийская деревня/Исходные данные/01 ирд/10000176_олимпийская деревня/10000176_генплан_олимп - standard/ссылки/PaxHeader/10000176_олх.dwg",222,"186 pa","not_recognized_as_dwg","rejected_before_conversion"
"Пилотный проект 20 улиц/1. Олимпийская деревня/Исходные данные/01 ирд/10000176_олимпийская деревня/Дендрологические изыскания/000878-2026_Олимпийская деревня/ИП_Олимпийская деревня.dwg",2163089,"AC1032","R2018-R2025","target_ac1032"
"Пилотный проект 20 улиц/1. Олимпийская деревня/Исходные данные/01 ирд/10000176_олимпийская деревня/Дендрологические изыскания/10000176_Олимпийская деревня.dwg",66003626,"AC1027","R2013-R2017","candidate_same_or_newer_dxf"
"Пилотный проект 20 улиц/1. Олимпийская деревня/Исходные данные/01 ирд/10000176_олимпийская деревня/Дендрологические изыскания/PaxHeader/10000176_Олимпийская деревня.dwg",466,"400 pa","not_recognized_as_dwg","rejected_before_conversion"
"Пилотный проект 20 улиц/1. Олимпийская деревня/Исходные данные/01 ирд/10000176_олимпийская деревня/Дендрологические изыскания/PaxHeader/ИП_Олимпийская деревня.dwg",414,"349 pa","not_recognized_as_dwg","rejected_before_conversion"
"Пилотный проект 20 улиц/1. Олимпийская деревня/Исходные данные/10000176_Генплан_Олимп - Standard/3ДЖКХ-24_02565/PaxHeader/output[1-2]_3_ДЖКХ-24_02565tp.dwg",219,"153 pa","not_recognized_as_dwg","rejected_before_conversion"
"Пилотный проект 20 улиц/1. Олимпийская деревня/Исходные данные/10000176_Генплан_Олимп - Standard/3ДЖКХ-24_02565/output[1-2]_3_ДЖКХ-24_02565tp.dwg",1192841,"AC1032","R2018-R2025","target_ac1032"
"Пилотный проект 20 улиц/1. Олимпийская деревня/Исходные данные/10000176_Генплан_Олимп - Standard/3ДЖКХ-25_00103/PaxHeader/output[1]_3_ДЖКХ-25_00103tp.dwg",187,"151 pa","not_recognized_as_dwg","rejected_before_conversion"
"Пилотный проект 20 улиц/1. Олимпийская деревня/Исходные данные/10000176_Генплан_Олимп - Standard/3ДЖКХ-25_00103/PaxHeader/output[2]_3_ДЖКХ-25_00103tp.dwg",187,"151 pa","not_recognized_as_dwg","rejected_before_conversion"
"Пилотный проект 20 улиц/1. Олимпийская деревня/Исходные данные/10000176_Генплан_Олимп - Standard/3ДЖКХ-25_00103/PaxHeader/output[3]_3_ДЖКХ-25_00103tp.dwg",187,"151 pa","not_recognized_as_dwg","rejected_before_conversion"
"Пилотный проект 20 улиц/1. Олимпийская деревня/Исходные данные/10000176_Генплан_Олимп - Standard/3ДЖКХ-25_00103/PaxHeader/output[4]_3_ДЖКХ-25_00103tp.dwg",187,"151 pa","not_recognized_as_dwg","rejected_before_conversion"
"Пилотный проект 20 улиц/1. Олимпийская деревня/Исходные данные/10000176_Генплан_Олимп - Standard/3ДЖКХ-25_00103/PaxHeader/output[5]_3_ДЖКХ-25_00103tp.dwg",187,"151 pa","not_recognized_as_dwg","rejected_before_conversion"
"Пилотный проект 20 улиц/1. Олимпийская деревня/Исходные данные/10000176_Генплан_Олимп - Standard/3ДЖКХ-25_00103/output[1]_3_ДЖКХ-25_00103tp.dwg",65302,"AC1032","R2018-R2025","target_ac1032"
"Пилотный проект 20 улиц/1. Олимпийская деревня/Исходные данные/10000176_Генплан_Олимп - Standard/3ДЖКХ-25_00103/output[2]_3_ДЖКХ-25_00103tp.dwg",25065,"AC1032","R2018-R2025","target_ac1032"
"Пилотный проект 20 улиц/1. Олимпийская деревня/Исходные данные/10000176_Генплан_Олимп - Standard/3ДЖКХ-25_00103/output[3]_3_ДЖКХ-25_00103tp.dwg",20650,"AC1032","R2018-R2025","target_ac1032"
"Пилотный проект 20 улиц/1. Олимпийская деревня/Исходные данные/10000176_Генплан_Олимп - Standard/3ДЖКХ-25_00103/output[4]_3_ДЖКХ-25_00103tp.dwg",43631,"AC1032","R2018-R2025","target_ac1032"
"Пилотный проект 20 улиц/1. Олимпийская деревня/Исходные данные/10000176_Генплан_Олимп - Standard/3ДЖКХ-25_00103/output[5]_3_ДЖКХ-25_00103tp.dwg",22185,"AC1032","R2018-R2025","target_ac1032"
"Пилотный проект 20 улиц/1. Олимпийская деревня/Исходные данные/10000176_Генплан_Олимп - Standard/3ДЖКХ-25_02023/PaxHeader/output[1-4]_3_ДЖКХ-25_02023tp.dwg",219,"153 pa","not_recognized_as_dwg","rejected_before_conversion"
"Пилотный проект 20 улиц/1. Олимпийская деревня/Исходные данные/10000176_Генплан_Олимп - Standard/3ДЖКХ-25_02023/output[1-4]_3_ДЖКХ-25_02023tp.dwg",2687956,"AC1032","R2018-R2025","target_ac1032"
"Пилотный проект 20 улиц/1. Олимпийская деревня/Исходные данные/10000176_Генплан_Олимп - Standard/3ДЖКХ-25_03117/PaxHeader/output[1-18]_3_ДЖКХ-25_03117kl.dwg",220,"154 pa","not_recognized_as_dwg","rejected_before_conversion"
"Пилотный проект 20 улиц/1. Олимпийская деревня/Исходные данные/10000176_Генплан_Олимп - Standard/3ДЖКХ-25_03117/PaxHeader/output[1-18]_3_ДЖКХ-25_03117pp.dwg",190,"154 pa","not_recognized_as_dwg","rejected_before_conversion"
"Пилотный проект 20 улиц/1. Олимпийская деревня/Исходные данные/10000176_Генплан_Олимп - Standard/3ДЖКХ-25_03117/PaxHeader/output[1-18]_3_ДЖКХ-25_03117tp.dwg",220,"154 pa","not_recognized_as_dwg","rejected_before_conversion"
"Пилотный проект 20 улиц/1. Олимпийская деревня/Исходные данные/10000176_Генплан_Олимп - Standard/3ДЖКХ-25_03117/PaxHeader/output[1-18]_3_ДЖКХ-25_03117up.dwg",220,"154 pa","not_recognized_as_dwg","rejected_before_conversion"
"Пилотный проект 20 улиц/1. Олимпийская деревня/Исходные данные/10000176_Генплан_Олимп - Standard/3ДЖКХ-25_03117/PaxHeader/output[1-18]_brd.dwg",172,"136 pa","not_recognized_as_dwg","rejected_before_conversion"
"Пилотный проект 20 улиц/1. Олимпийская деревня/Исходные данные/10000176_Генплан_Олимп - Standard/3ДЖКХ-25_03117/output[1-18]_3_ДЖКХ-25_03117kl.dwg",10910266,"AC1015","R2000","candidate_same_or_newer_dxf"
"Пилотный проект 20 улиц/1. Олимпийская деревня/Исходные данные/10000176_Генплан_Олимп - Standard/3ДЖКХ-25_03117/output[1-18]_3_ДЖКХ-25_03117pp.dwg",280042,"AC1032","R2018-R2025","target_ac1032"
"Пилотный проект 20 улиц/1. Олимпийская деревня/Исходные данные/10000176_Генплан_Олимп - Standard/3ДЖКХ-25_03117/output[1-18]_3_ДЖКХ-25_03117tp.dwg",21513540,"AC1032","R2018-R2025","target_ac1032"
"Пилотный проект 20 улиц/1. Олимпийская деревня/Исходные данные/10000176_Генплан_Олимп - Standard/3ДЖКХ-25_03117/output[1-18]_3_ДЖКХ-25_03117up.dwg",15545346,"AC1032","R2018-R2025","target_ac1032"
"Пилотный проект 20 улиц/1. Олимпийская деревня/Исходные данные/10000176_Генплан_Олимп - Standard/3ДЖКХ-25_03117/output[1-18]_brd.dwg",108224,"AC1032","R2018-R2025","target_ac1032"
"Пилотный проект 20 улиц/1. Олимпийская деревня/Исходные данные/10000176_Генплан_Олимп - Standard/3ДЖКХпр-25_03117_1/PaxHeader/output[1-3]_3_ДЖКХпр-25_03117_1kl.dwg",231,"165 pa","not_recognized_as_dwg","rejected_before_conversion"
"Пилотный проект 20 улиц/1. Олимпийская деревня/Исходные данные/10000176_Генплан_Олимп - Standard/3ДЖКХпр-25_03117_1/PaxHeader/output[1-3]_3_ДЖКХпр-25_03117_1tp.dwg",231,"165 pa","not_recognized_as_dwg","rejected_before_conversion"
"Пилотный проект 20 улиц/1. Олимпийская деревня/Исходные данные/10000176_Генплан_Олимп - Standard/3ДЖКХпр-25_03117_1/PaxHeader/output[1-3]_3_ДЖКХпр-25_03117_1up.dwg",231,"165 pa","not_recognized_as_dwg","rejected_before_conversion"
"Пилотный проект 20 улиц/1. Олимпийская деревня/Исходные данные/10000176_Генплан_Олимп - Standard/3ДЖКХпр-25_03117_1/PaxHeader/output[1-3]_brd.dwg",177,"141 pa","not_recognized_as_dwg","rejected_before_conversion"
"Пилотный проект 20 улиц/1. Олимпийская деревня/Исходные данные/10000176_Генплан_Олимп - Standard/3ДЖКХпр-25_03117_1/PaxHeader/output[4]_3_ДЖКХпр-25_03117_1kl.dwg",199,"163 pa","not_recognized_as_dwg","rejected_before_conversion"
"Пилотный проект 20 улиц/1. Олимпийская деревня/Исходные данные/10000176_Генплан_Олимп - Standard/3ДЖКХпр-25_03117_1/PaxHeader/output[4]_3_ДЖКХпр-25_03117_1tp.dwg",199,"163 pa","not_recognized_as_dwg","rejected_before_conversion"
"Пилотный проект 20 улиц/1. Олимпийская деревня/Исходные данные/10000176_Генплан_Олимп - Standard/3ДЖКХпр-25_03117_1/PaxHeader/output[4]_3_ДЖКХпр-25_03117_1up.dwg",199,"163 pa","not_recognized_as_dwg","rejected_before_conversion"
"Пилотный проект 20 улиц/1. Олимпийская деревня/Исходные данные/10000176_Генплан_Олимп - Standard/3ДЖКХпр-25_03117_1/PaxHeader/output[4]_brd.dwg",175,"139 pa","not_recognized_as_dwg","rejected_before_conversion"
"Пилотный проект 20 улиц/1. Олимпийская деревня/Исходные данные/10000176_Генплан_Олимп - Standard/3ДЖКХпр-25_03117_1/PaxHeader/output[5]_3_ДЖКХпр-25_03117_1kl.dwg",199,"163 pa","not_recognized_as_dwg","rejected_before_conversion"
"Пилотный проект 20 улиц/1. Олимпийская деревня/Исходные данные/10000176_Генплан_Олимп - Standard/3ДЖКХпр-25_03117_1/PaxHeader/output[5]_3_ДЖКХпр-25_03117_1tp.dwg",199,"163 pa","not_recognized_as_dwg","rejected_before_conversion"
"Пилотный проект 20 улиц/1. Олимпийская деревня/Исходные данные/10000176_Генплан_Олимп - Standard/3ДЖКХпр-25_03117_1/PaxHeader/output[5]_3_ДЖКХпр-25_03117_1up.dwg",199,"163 pa","not_recognized_as_dwg","rejected_before_conversion"
"Пилотный проект 20 улиц/1. Олимпийская деревня/Исходные данные/10000176_Генплан_Олимп - Standard/3ДЖКХпр-25_03117_1/PaxHeader/output[5]_brd.dwg",175,"139 pa","not_recognized_as_dwg","rejected_before_conversion"
"Пилотный проект 20 улиц/1. Олимпийская деревня/Исходные данные/10000176_Генплан_Олимп - Standard/3ДЖКХпр-25_03117_1/PaxHeader/output[6]_3_ДЖКХпр-25_03117_1kl.dwg",199,"163 pa","not_recognized_as_dwg","rejected_before_conversion"
"Пилотный проект 20 улиц/1. Олимпийская деревня/Исходные данные/10000176_Генплан_Олимп - Standard/3ДЖКХпр-25_03117_1/PaxHeader/output[6]_3_ДЖКХпр-25_03117_1tp.dwg",229,"163 pa","not_recognized_as_dwg","rejected_before_conversion"
"Пилотный проект 20 улиц/1. Олимпийская деревня/Исходные данные/10000176_Генплан_Олимп - Standard/3ДЖКХпр-25_03117_1/PaxHeader/output[6]_3_ДЖКХпр-25_03117_1up.dwg",199,"163 pa","not_recognized_as_dwg","rejected_before_conversion"
"Пилотный проект 20 улиц/1. Олимпийская деревня/Исходные данные/10000176_Генплан_Олимп - Standard/3ДЖКХпр-25_03117_1/PaxHeader/output[6]_brd.dwg",175,"139 pa","not_recognized_as_dwg","rejected_before_conversion"
"Пилотный проект 20 улиц/1. Олимпийская деревня/Исходные данные/10000176_Генплан_Олимп - Standard/3ДЖКХпр-25_03117_1/output[1-3]_3_ДЖКХпр-25_03117_1kl.dwg",605419,"AC1015","R2000","candidate_same_or_newer_dxf"
"Пилотный проект 20 улиц/1. Олимпийская деревня/Исходные данные/10000176_Генплан_Олимп - Standard/3ДЖКХпр-25_03117_1/output[1-3]_3_ДЖКХпр-25_03117_1tp.dwg",4351601,"AC1032","R2018-R2025","target_ac1032"
"Пилотный проект 20 улиц/1. Олимпийская деревня/Исходные данные/10000176_Генплан_Олимп - Standard/3ДЖКХпр-25_03117_1/output[1-3]_3_ДЖКХпр-25_03117_1up.dwg",920445,"AC1032","R2018-R2025","target_ac1032"
"Пилотный проект 20 улиц/1. Олимпийская деревня/Исходные данные/10000176_Генплан_Олимп - Standard/3ДЖКХпр-25_03117_1/output[1-3]_brd.dwg",40315,"AC1032","R2018-R2025","target_ac1032"
"Пилотный проект 20 улиц/1. Олимпийская деревня/Исходные данные/10000176_Генплан_Олимп - Standard/3ДЖКХпр-25_03117_1/output[4]_3_ДЖКХпр-25_03117_1kl.dwg",886825,"AC1015","R2000","candidate_same_or_newer_dxf"
"Пилотный проект 20 улиц/1. Олимпийская деревня/Исходные данные/10000176_Генплан_Олимп - Standard/3ДЖКХпр-25_03117_1/output[4]_3_ДЖКХпр-25_03117_1tp.dwg",351736,"AC1032","R2018-R2025","target_ac1032"
"Пилотный проект 20 улиц/1. Олимпийская деревня/Исходные данные/10000176_Генплан_Олимп - Standard/3ДЖКХпр-25_03117_1/output[4]_3_ДЖКХпр-25_03117_1up.dwg",102565,"AC1032","R2018-R2025","target_ac1032"
"Пилотный проект 20 улиц/1. Олимпийская деревня/Исходные данные/10000176_Генплан_Олимп - Standard/3ДЖКХпр-25_03117_1/output[4]_brd.dwg",24071,"AC1032","R2018-R2025","target_ac1032"
"Пилотный проект 20 улиц/1. Олимпийская деревня/Исходные данные/10000176_Генплан_Олимп - Standard/3ДЖКХпр-25_03117_1/output[5]_3_ДЖКХпр-25_03117_1kl.dwg",246853,"AC1015","R2000","candidate_same_or_newer_dxf"
"Пилотный проект 20 улиц/1. Олимпийская деревня/Исходные данные/10000176_Генплан_Олимп - Standard/3ДЖКХпр-25_03117_1/output[5]_3_ДЖКХпр-25_03117_1tp.dwg",100643,"AC1032","R2018-R2025","target_ac1032"
"Пилотный проект 20 улиц/1. Олимпийская деревня/Исходные данные/10000176_Генплан_Олимп - Standard/3ДЖКХпр-25_03117_1/output[5]_3_ДЖКХпр-25_03117_1up.dwg",34477,"AC1032","R2018-R2025","target_ac1032"
"Пилотный проект 20 улиц/1. Олимпийская деревня/Исходные данные/10000176_Генплан_Олимп - Standard/3ДЖКХпр-25_03117_1/output[5]_brd.dwg",23684,"AC1032","R2018-R2025","target_ac1032"
"Пилотный проект 20 улиц/1. Олимпийская деревня/Исходные данные/10000176_Генплан_Олимп - Standard/3ДЖКХпр-25_03117_1/output[6]_3_ДЖКХпр-25_03117_1kl.dwg",378670,"AC1015","R2000","candidate_same_or_newer_dxf"
"Пилотный проект 20 улиц/1. Олимпийская деревня/Исходные данные/10000176_Генплан_Олимп - Standard/3ДЖКХпр-25_03117_1/output[6]_3_ДЖКХпр-25_03117_1tp.dwg",530341,"AC1032","R2018-R2025","target_ac1032"
"Пилотный проект 20 улиц/1. Олимпийская деревня/Исходные данные/10000176_Генплан_Олимп - Standard/3ДЖКХпр-25_03117_1/output[6]_3_ДЖКХпр-25_03117_1up.dwg",301265,"AC1032","R2018-R2025","target_ac1032"
"Пилотный проект 20 улиц/1. Олимпийская деревня/Исходные данные/10000176_Генплан_Олимп - Standard/3ДЖКХпр-25_03117_1/output[6]_brd.dwg",24297,"AC1032","R2018-R2025","target_ac1032"
"Пилотный проект 20 улиц/1. Олимпийская деревня/Исходные данные/10000176_Генплан_Олимп - Standard/PaxHeader/_06_10000176_Генплан_Олимп.dwg",175,"139 pa","not_recognized_as_dwg","rejected_before_conversion"
"Пилотный проект 20 улиц/1. Олимпийская деревня/Исходные данные/10000176_Генплан_Олимп - Standard/_06_10000176_Генплан_Олимп.dwg",3200120,"AC1032","R2018-R2025","target_ac1032"
"Пилотный проект 20 улиц/1. Олимпийская деревня/Исходные данные/10000176_Генплан_Олимп - Standard/ссылки/10000176_Борта.dwg",809007,"AC1032","R2018-R2025","target_ac1032"
"Пилотный проект 20 улиц/1. Олимпийская деревня/Исходные данные/10000176_Генплан_Олимп - Standard/ссылки/10000176_Границы работ_Олимп.dwg",435197,"AC1032","R2018-R2025","target_ac1032"
"Пилотный проект 20 улиц/1. Олимпийская деревня/Исходные данные/10000176_Генплан_Олимп - Standard/ссылки/10000176_Заливки.dwg",1405102,"AC1032","R2018-R2025","target_ac1032"
"Пилотный проект 20 улиц/1. Олимпийская деревня/Исходные данные/10000176_Генплан_Олимп - Standard/ссылки/10000176_олх.dwg",410160,"AC1032","R2018-R2025","target_ac1032"
"Пилотный проект 20 улиц/1. Олимпийская деревня/Исходные данные/10000176_Генплан_Олимп - Standard/ссылки/PaxHeader/10000176_Борта.dwg",169,"133 pa","not_recognized_as_dwg","rejected_before_conversion"
"Пилотный проект 20 улиц/1. Олимпийская деревня/Исходные данные/10000176_Генплан_Олимп - Standard/ссылки/PaxHeader/10000176_Границы работ_Олимп.dwg",195,"159 pa","not_recognized_as_dwg","rejected_before_conversion"
"Пилотный проект 20 улиц/1. Олимпийская деревня/Исходные данные/10000176_Генплан_Олимп - Standard/ссылки/PaxHeader/10000176_Заливки.dwg",173,"137 pa","not_recognized_as_dwg","rejected_before_conversion"
"Пилотный проект 20 улиц/1. Олимпийская деревня/Исходные данные/10000176_Генплан_Олимп - Standard/ссылки/PaxHeader/10000176_олх.dwg",165,"129 pa","not_recognized_as_dwg","rejected_before_conversion"
"Пилотный проект 20 улиц/1. Олимпийская деревня/Проектное решение/3ДЖКХ-24_02565/output[1-2]_3_ДЖКХ-24_02565tp.dwg",1192809,"AC1032","R2018-R2025","target_ac1032"
"Пилотный проект 20 улиц/1. Олимпийская деревня/Проектное решение/3ДЖКХ-25_00103/output[1]_3_ДЖКХ-25_00103tp.dwg",65302,"AC1032","R2018-R2025","target_ac1032"
"Пилотный проект 20 улиц/1. Олимпийская деревня/Проектное решение/3ДЖКХ-25_00103/output[2]_3_ДЖКХ-25_00103tp.dwg",25065,"AC1032","R2018-R2025","target_ac1032"
"Пилотный проект 20 улиц/1. Олимпийская деревня/Проектное решение/3ДЖКХ-25_00103/output[3]_3_ДЖКХ-25_00103tp.dwg",20650,"AC1032","R2018-R2025","target_ac1032"
"Пилотный проект 20 улиц/1. Олимпийская деревня/Проектное решение/3ДЖКХ-25_00103/output[4]_3_ДЖКХ-25_00103tp.dwg",43631,"AC1032","R2018-R2025","target_ac1032"
"Пилотный проект 20 улиц/1. Олимпийская деревня/Проектное решение/3ДЖКХ-25_00103/output[5]_3_ДЖКХ-25_00103tp.dwg",22185,"AC1032","R2018-R2025","target_ac1032"
"Пилотный проект 20 улиц/1. Олимпийская деревня/Проектное решение/3ДЖКХ-25_02023/output[1-4]_3_ДЖКХ-25_02023tp.dwg",2709297,"AC1032","R2018-R2025","target_ac1032"
"Пилотный проект 20 улиц/1. Олимпийская деревня/Проектное решение/3ДЖКХ-25_03117/output[1-18]_3_ДЖКХ-25_03117kl.dwg",10910266,"AC1015","R2000","candidate_same_or_newer_dxf"
"Пилотный проект 20 улиц/1. Олимпийская деревня/Проектное решение/3ДЖКХ-25_03117/output[1-18]_3_ДЖКХ-25_03117pp.dwg",280042,"AC1032","R2018-R2025","target_ac1032"
"Пилотный проект 20 улиц/1. Олимпийская деревня/Проектное решение/3ДЖКХ-25_03117/output[1-18]_3_ДЖКХ-25_03117tp.dwg",21594605,"AC1032","R2018-R2025","target_ac1032"
"Пилотный проект 20 улиц/1. Олимпийская деревня/Проектное решение/3ДЖКХ-25_03117/output[1-18]_3_ДЖКХ-25_03117up.dwg",15545314,"AC1032","R2018-R2025","target_ac1032"
"Пилотный проект 20 улиц/1. Олимпийская деревня/Проектное решение/3ДЖКХ-25_03117/output[1-18]_brd.dwg",108224,"AC1032","R2018-R2025","target_ac1032"
"Пилотный проект 20 улиц/1. Олимпийская деревня/Проектное решение/3ДЖКХпр-25_03117_1/output[1-3]_3_ДЖКХпр-25_03117_1kl.dwg",605419,"AC1015","R2000","candidate_same_or_newer_dxf"
"Пилотный проект 20 улиц/1. Олимпийская деревня/Проектное решение/3ДЖКХпр-25_03117_1/output[1-3]_3_ДЖКХпр-25_03117_1tp.dwg",4351633,"AC1032","R2018-R2025","target_ac1032"
"Пилотный проект 20 улиц/1. Олимпийская деревня/Проектное решение/3ДЖКХпр-25_03117_1/output[1-3]_3_ДЖКХпр-25_03117_1up.dwg",920445,"AC1032","R2018-R2025","target_ac1032"
"Пилотный проект 20 улиц/1. Олимпийская деревня/Проектное решение/3ДЖКХпр-25_03117_1/output[1-3]_brd.dwg",40315,"AC1032","R2018-R2025","target_ac1032"
"Пилотный проект 20 улиц/1. Олимпийская деревня/Проектное решение/3ДЖКХпр-25_03117_1/output[4]_3_ДЖКХпр-25_03117_1kl.dwg",886825,"AC1015","R2000","candidate_same_or_newer_dxf"
"Пилотный проект 20 улиц/1. Олимпийская деревня/Проектное решение/3ДЖКХпр-25_03117_1/output[4]_3_ДЖКХпр-25_03117_1tp.dwg",351736,"AC1032","R2018-R2025","target_ac1032"
"Пилотный проект 20 улиц/1. Олимпийская деревня/Проектное решение/3ДЖКХпр-25_03117_1/output[4]_3_ДЖКХпр-25_03117_1up.dwg",102565,"AC1032","R2018-R2025","target_ac1032"
"Пилотный проект 20 улиц/1. Олимпийская деревня/Проектное решение/3ДЖКХпр-25_03117_1/output[4]_brd.dwg",24040,"AC1032","R2018-R2025","target_ac1032"
"Пилотный проект 20 улиц/1. Олимпийская деревня/Проектное решение/3ДЖКХпр-25_03117_1/output[5]_3_ДЖКХпр-25_03117_1kl.dwg",246853,"AC1015","R2000","candidate_same_or_newer_dxf"
"Пилотный проект 20 улиц/1. Олимпийская деревня/Проектное решение/3ДЖКХпр-25_03117_1/output[5]_3_ДЖКХпр-25_03117_1tp.dwg",100681,"AC1032","R2018-R2025","target_ac1032"
"Пилотный проект 20 улиц/1. Олимпийская деревня/Проектное решение/3ДЖКХпр-25_03117_1/output[5]_3_ДЖКХпр-25_03117_1up.dwg",34477,"AC1032","R2018-R2025","target_ac1032"
"Пилотный проект 20 улиц/1. Олимпийская деревня/Проектное решение/3ДЖКХпр-25_03117_1/output[5]_brd.dwg",23684,"AC1032","R2018-R2025","target_ac1032"
"Пилотный проект 20 улиц/1. Олимпийская деревня/Проектное решение/3ДЖКХпр-25_03117_1/output[6]_3_ДЖКХпр-25_03117_1kl.dwg",378670,"AC1015","R2000","candidate_same_or_newer_dxf"
"Пилотный проект 20 улиц/1. Олимпийская деревня/Проектное решение/3ДЖКХпр-25_03117_1/output[6]_3_ДЖКХпр-25_03117_1tp.dwg",530341,"AC1032","R2018-R2025","target_ac1032"
"Пилотный проект 20 улиц/1. Олимпийская деревня/Проектное решение/3ДЖКХпр-25_03117_1/output[6]_3_ДЖКХпр-25_03117_1up.dwg",301265,"AC1032","R2018-R2025","target_ac1032"
"Пилотный проект 20 улиц/1. Олимпийская деревня/Проектное решение/3ДЖКХпр-25_03117_1/output[6]_brd.dwg",24297,"AC1032","R2018-R2025","target_ac1032"
"Пилотный проект 20 улиц/1. Олимпийская деревня/Проектное решение/ИОТ 1 (освещение)/15-2_19_2_10000176_план сетей НО.dwg",10446352,"AC1032","R2018-R2025","target_ac1032"
"Пилотный проект 20 улиц/1. Олимпийская деревня/Проектное решение/ИОТ 2 (эл.снабжение)/ЭС_10000176_План КЛ.dwg",697894,"AC1032","R2018-R2025","target_ac1032"
"Пилотный проект 20 улиц/1. Олимпийская деревня/Проектное решение/ИП_Олимпийская деревня_14_07_2026__.dwg",60097459,"AC1032","R2018-R2025","target_ac1032"
"Пилотный проект 20 улиц/1. Олимпийская деревня/Проектное решение/Олимпийская_посадочный.dwg",23100142,"AC1032","R2018-R2025","target_ac1032"
"Пилотный проект 20 улиц/10. Старый Гай ул/ИСХОДНЫЕ ДАННЫЙ/04_10001957_Старый Гай_ГЧ - Standard/03_Подгрузки/PaxHeader/Вешняковская ул..dwg",179,"143 pa","not_recognized_as_dwg","rejected_before_conversion"
"Пилотный проект 20 улиц/10. Старый Гай ул/ИСХОДНЫЕ ДАННЫЙ/04_10001957_Старый Гай_ГЧ - Standard/03_Подгрузки/PaxHeader/Дендрология.dwg",171,"135 pa","not_recognized_as_dwg","rejected_before_conversion"
"Пилотный проект 20 улиц/10. Старый Гай ул/ИСХОДНЫЕ ДАННЫЙ/04_10001957_Старый Гай_ГЧ - Standard/03_Подгрузки/PaxHeader/Кетчерская ул..dwg",175,"139 pa","not_recognized_as_dwg","rejected_before_conversion"
"Пилотный проект 20 улиц/10. Старый Гай ул/ИСХОДНЫЕ ДАННЫЙ/04_10001957_Старый Гай_ГЧ - Standard/03_Подгрузки/PaxHeader/НО_СтарыйГай.dwg",172,"136 pa","not_recognized_as_dwg","rejected_before_conversion"
"Пилотный проект 20 улиц/10. Старый Гай ул/ИСХОДНЫЕ ДАННЫЙ/04_10001957_Старый Гай_ГЧ - Standard/03_Подгрузки/PaxHeader/ЭС_10001957 Старый Гай.dwg",212,"146 pa","not_recognized_as_dwg","rejected_before_conversion"
"Пилотный проект 20 улиц/10. Старый Гай ул/ИСХОДНЫЕ ДАННЫЙ/04_10001957_Старый Гай_ГЧ - Standard/03_Подгрузки/Вешняковская ул..dwg",488300,"AC1032","R2018-R2025","target_ac1032"
"Пилотный проект 20 улиц/10. Старый Гай ул/ИСХОДНЫЕ ДАННЫЙ/04_10001957_Старый Гай_ГЧ - Standard/03_Подгрузки/Дендрология.dwg",524280,"AC1032","R2018-R2025","target_ac1032"
"Пилотный проект 20 улиц/10. Старый Гай ул/ИСХОДНЫЕ ДАННЫЙ/04_10001957_Старый Гай_ГЧ - Standard/03_Подгрузки/Кетчерская ул..dwg",777914,"AC1032","R2018-R2025","target_ac1032"
"Пилотный проект 20 улиц/10. Старый Гай ул/ИСХОДНЫЕ ДАННЫЙ/04_10001957_Старый Гай_ГЧ - Standard/03_Подгрузки/НО_СтарыйГай.dwg",542251,"AC1032","R2018-R2025","target_ac1032"
"Пилотный проект 20 улиц/10. Старый Гай ул/ИСХОДНЫЕ ДАННЫЙ/04_10001957_Старый Гай_ГЧ - Standard/03_Подгрузки/ЭС_10001957 Старый Гай.dwg",990140,"AC1032","R2018-R2025","target_ac1032"
"Пилотный проект 20 улиц/10. Старый Гай ул/ИСХОДНЫЕ ДАННЫЙ/04_10001957_Старый Гай_ГЧ - Standard/04_10001957_Старый Гай_ГЧ.dwg",6018344,"AC1032","R2018-R2025","target_ac1032"
"Пилотный проект 20 улиц/10. Старый Гай ул/ИСХОДНЫЕ ДАННЫЙ/04_10001957_Старый Гай_ГЧ - Standard/3ДЖКХ-24_02797/PaxHeader/output[1-8]_3_ДЖКХ-24_02797kl.dwg",209,"143 pa","not_recognized_as_dwg","rejected_before_conversion"
"Пилотный проект 20 улиц/10. Старый Гай ул/ИСХОДНЫЕ ДАННЫЙ/04_10001957_Старый Гай_ГЧ - Standard/3ДЖКХ-24_02797/PaxHeader/output[1-8]_3_ДЖКХ-24_02797pp.dwg",208,"143 pa","not_recognized_as_dwg","rejected_before_conversion"
"Пилотный проект 20 улиц/10. Старый Гай ул/ИСХОДНЫЕ ДАННЫЙ/04_10001957_Старый Гай_ГЧ - Standard/3ДЖКХ-24_02797/PaxHeader/output[1-8]_3_ДЖКХ-24_02797tp.dwg",209,"143 pa","not_recognized_as_dwg","rejected_before_conversion"
"Пилотный проект 20 улиц/10. Старый Гай ул/ИСХОДНЫЕ ДАННЫЙ/04_10001957_Старый Гай_ГЧ - Standard/3ДЖКХ-24_02797/PaxHeader/output[1-8]_3_ДЖКХ-24_02797up.dwg",209,"143 pa","not_recognized_as_dwg","rejected_before_conversion"
"Пилотный проект 20 улиц/10. Старый Гай ул/ИСХОДНЫЕ ДАННЫЙ/04_10001957_Старый Гай_ГЧ - Standard/3ДЖКХ-24_02797/PaxHeader/output[1-8]_brd.dwg",191,"125 pa","not_recognized_as_dwg","rejected_before_conversion"
"Пилотный проект 20 улиц/10. Старый Гай ул/ИСХОДНЫЕ ДАННЫЙ/04_10001957_Старый Гай_ГЧ - Standard/3ДЖКХ-24_02797/output[1-8]_3_ДЖКХ-24_02797kl.dwg",12799865,"AC1015","R2000","candidate_same_or_newer_dxf"
"Пилотный проект 20 улиц/10. Старый Гай ул/ИСХОДНЫЕ ДАННЫЙ/04_10001957_Старый Гай_ГЧ - Standard/3ДЖКХ-24_02797/output[1-8]_3_ДЖКХ-24_02797pp.dwg",201445,"AC1015","R2000","candidate_same_or_newer_dxf"
"Пилотный проект 20 улиц/10. Старый Гай ул/ИСХОДНЫЕ ДАННЫЙ/04_10001957_Старый Гай_ГЧ - Standard/3ДЖКХ-24_02797/output[1-8]_3_ДЖКХ-24_02797tp.dwg",7744668,"AC1015","R2000","candidate_same_or_newer_dxf"
"Пилотный проект 20 улиц/10. Старый Гай ул/ИСХОДНЫЕ ДАННЫЙ/04_10001957_Старый Гай_ГЧ - Standard/3ДЖКХ-24_02797/output[1-8]_3_ДЖКХ-24_02797up.dwg",2695598,"AC1032","R2018-R2025","target_ac1032"
"Пилотный проект 20 улиц/10. Старый Гай ул/ИСХОДНЫЕ ДАННЫЙ/04_10001957_Старый Гай_ГЧ - Standard/3ДЖКХ-24_02797/output[1-8]_brd.dwg",266074,"AC1015","R2000","candidate_same_or_newer_dxf"
"Пилотный проект 20 улиц/10. Старый Гай ул/ИСХОДНЫЕ ДАННЫЙ/04_10001957_Старый Гай_ГЧ - Standard/3ДЖКХ-25_00611_ВАО_Старый Гай ул/PaxHeader/output[1-5]_3_ДЖКХ-25_00611kl.dwg",211,"175 pa","not_recognized_as_dwg","rejected_before_conversion"
"Пилотный проект 20 улиц/10. Старый Гай ул/ИСХОДНЫЕ ДАННЫЙ/04_10001957_Старый Гай_ГЧ - Standard/3ДЖКХ-25_00611_ВАО_Старый Гай ул/PaxHeader/output[1-5]_3_ДЖКХ-25_00611tp.dwg",241,"175 pa","not_recognized_as_dwg","rejected_before_conversion"
"Пилотный проект 20 улиц/10. Старый Гай ул/ИСХОДНЫЕ ДАННЫЙ/04_10001957_Старый Гай_ГЧ - Standard/3ДЖКХ-25_00611_ВАО_Старый Гай ул/PaxHeader/output[1-5]_3_ДЖКХ-25_00611up.dwg",241,"175 pa","not_recognized_as_dwg","rejected_before_conversion"
"Пилотный проект 20 улиц/10. Старый Гай ул/ИСХОДНЫЕ ДАННЫЙ/04_10001957_Старый Гай_ГЧ - Standard/3ДЖКХ-25_00611_ВАО_Старый Гай ул/PaxHeader/output[1-5]_brd.dwg",193,"157 pa","not_recognized_as_dwg","rejected_before_conversion"
"Пилотный проект 20 улиц/10. Старый Гай ул/ИСХОДНЫЕ ДАННЫЙ/04_10001957_Старый Гай_ГЧ - Standard/3ДЖКХ-25_00611_ВАО_Старый Гай ул/output[1-5]_3_ДЖКХ-25_00611kl.dwg",740618,"AC1032","R2018-R2025","target_ac1032"
"Пилотный проект 20 улиц/10. Старый Гай ул/ИСХОДНЫЕ ДАННЫЙ/04_10001957_Старый Гай_ГЧ - Standard/3ДЖКХ-25_00611_ВАО_Старый Гай ул/output[1-5]_3_ДЖКХ-25_00611tp.dwg",4235038,"AC1015","R2000","candidate_same_or_newer_dxf"
"Пилотный проект 20 улиц/10. Старый Гай ул/ИСХОДНЫЕ ДАННЫЙ/04_10001957_Старый Гай_ГЧ - Standard/3ДЖКХ-25_00611_ВАО_Старый Гай ул/output[1-5]_3_ДЖКХ-25_00611up.dwg",1904988,"AC1032","R2018-R2025","target_ac1032"
"Пилотный проект 20 улиц/10. Старый Гай ул/ИСХОДНЫЕ ДАННЫЙ/04_10001957_Старый Гай_ГЧ - Standard/3ДЖКХ-25_00611_ВАО_Старый Гай ул/output[1-5]_brd.dwg",240029,"AC1015","R2000","candidate_same_or_newer_dxf"
"Пилотный проект 20 улиц/10. Старый Гай ул/ИСХОДНЫЕ ДАННЫЙ/04_10001957_Старый Гай_ГЧ - Standard/PaxHeader/04_10001957_Старый Гай_ГЧ.dwg",193,"127 pa","not_recognized_as_dwg","rejected_before_conversion"
"Пилотный проект 20 улиц/10. Старый Гай ул/ИСХОДНЫЕ ДАННЫЙ/PaxHeader/04_10001957_Старый Гай_ГЧ.dwg",144,"78 pat","not_recognized_as_dwg","rejected_before_conversion"
"Пилотный проект 20 улиц/10. Старый Гай ул/ИСХОДНЫЕ ДАННЫЙ/ИП_Старый_Гай_ул/10001957_Старый Гай ул.dwg",22575173,"AC1032","R2018-R2025","target_ac1032"
"Пилотный проект 20 улиц/10. Старый Гай ул/ИСХОДНЫЕ ДАННЫЙ/ИП_Старый_Гай_ул/PaxHeader/10001957_Старый Гай ул.dwg",173,"107 pa","not_recognized_as_dwg","rejected_before_conversion"
"Пилотный проект 20 улиц/10. Старый Гай ул/ИСХОДНЫЕ ДАННЫЙ/ИП_Старый_Гай_ул/PaxHeader/дендро+границы_Старый_Гай.dwg",157,"121 pa","not_recognized_as_dwg","rejected_before_conversion"
"Пилотный проект 20 улиц/10. Старый Гай ул/ИСХОДНЫЕ ДАННЫЙ/ИП_Старый_Гай_ул/old_guy/PaxHeader/ИП_Старый_Гай_ул..dwg",148,"112 pa","not_recognized_as_dwg","rejected_before_conversion"
"Пилотный проект 20 улиц/10. Старый Гай ул/ИСХОДНЫЕ ДАННЫЙ/ИП_Старый_Гай_ул/old_guy/ИП_Старый_Гай_ул..dwg",179411,"AC1032","R2018-R2025","target_ac1032"
"Пилотный проект 20 улиц/10. Старый Гай ул/ИСХОДНЫЕ ДАННЫЙ/ИП_Старый_Гай_ул/дендро+границы_Старый_Гай.dwg",757878,"AC1032","R2018-R2025","target_ac1032"
"Пилотный проект 20 улиц/10. Старый Гай ул/Проектное решение/DWG/04_10001957_Старый Гай_ГЧ.dwg",8085465,"AC1032","R2018-R2025","target_ac1032"
"Пилотный проект 20 улиц/10. Старый Гай ул/Проектное решение/DWG/10001957_Старый Гай ул/10001957_Старый Гай ул/04_10001957_Старый Гай_ГЧ - Standard/3ДЖКХ-24_02797/output[1-8]_3_ДЖКХ-24_02797kl.dwg",12800067,"AC1015","R2000","candidate_same_or_newer_dxf"
"Пилотный проект 20 улиц/10. Старый Гай ул/Проектное решение/DWG/10001957_Старый Гай ул/10001957_Старый Гай ул/04_10001957_Старый Гай_ГЧ - Standard/3ДЖКХ-24_02797/output[1-8]_3_ДЖКХ-24_02797pp.dwg",31277,"AC1032","R2018-R2025","target_ac1032"
"Пилотный проект 20 улиц/10. Старый Гай ул/Проектное решение/DWG/10001957_Старый Гай ул/10001957_Старый Гай ул/04_10001957_Старый Гай_ГЧ - Standard/3ДЖКХ-24_02797/output[1-8]_3_ДЖКХ-24_02797tp.dwg",7744830,"AC1015","R2000","candidate_same_or_newer_dxf"
"Пилотный проект 20 улиц/10. Старый Гай ул/Проектное решение/DWG/10001957_Старый Гай ул/10001957_Старый Гай ул/04_10001957_Старый Гай_ГЧ - Standard/3ДЖКХ-24_02797/output[1-8]_3_ДЖКХ-24_02797up.dwg",6255917,"AC1032","R2018-R2025","target_ac1032"
"Пилотный проект 20 улиц/10. Старый Гай ул/Проектное решение/DWG/10001957_Старый Гай ул/10001957_Старый Гай ул/04_10001957_Старый Гай_ГЧ - Standard/3ДЖКХ-24_02797/output[1-8]_brd.dwg",266281,"AC1015","R2000","candidate_same_or_newer_dxf"
"Пилотный проект 20 улиц/10. Старый Гай ул/Проектное решение/DWG/10001957_Старый Гай ул/10001957_Старый Гай ул/04_10001957_Старый Гай_ГЧ - Standard/3ДЖКХ-25_00611_ВАО_Старый Гай ул/output[1-5]_3_ДЖКХ-25_00611kl.dwg",740785,"AC1032","R2018-R2025","target_ac1032"
"Пилотный проект 20 улиц/10. Старый Гай ул/Проектное решение/DWG/10001957_Старый Гай ул/10001957_Старый Гай ул/04_10001957_Старый Гай_ГЧ - Standard/3ДЖКХ-25_00611_ВАО_Старый Гай ул/output[1-5]_3_ДЖКХ-25_00611tp.dwg",4235922,"AC1032","R2018-R2025","target_ac1032"
"Пилотный проект 20 улиц/10. Старый Гай ул/Проектное решение/DWG/10001957_Старый Гай ул/10001957_Старый Гай ул/04_10001957_Старый Гай_ГЧ - Standard/3ДЖКХ-25_00611_ВАО_Старый Гай ул/output[1-5]_3_ДЖКХ-25_00611up.dwg",2981236,"AC1032","R2018-R2025","target_ac1032"
"Пилотный проект 20 улиц/10. Старый Гай ул/Проектное решение/DWG/10001957_Старый Гай ул/10001957_Старый Гай ул/04_10001957_Старый Гай_ГЧ - Standard/3ДЖКХ-25_00611_ВАО_Старый Гай ул/output[1-5]_brd.dwg",240236,"AC1015","R2000","candidate_same_or_newer_dxf"
"Пилотный проект 20 улиц/10. Старый Гай ул/Проектное решение/DWG/Старый Гай  (1).dwg",9543574,"AC1032","R2018-R2025","target_ac1032"
"Пилотный проект 20 улиц/10. Старый Гай ул/Проектное решение/DWG/улица Старый Гай_ГП.dwg",4234890,"AC1032","R2018-R2025","target_ac1032"
"Пилотный проект 20 улиц/10. Старый Гай ул/Проектное решение/DWG/улица Старый Гай_Посадочный.dwg",5225767,"AC1032","R2018-R2025","target_ac1032"
"Пилотный проект 20 улиц/12. Наташинский пр-д(Дорога от ул. Борисовские пруды до пр.пр5396(вокруг м-р Братеево))/Исходные данные/АПОТ Наташинский пр.16.02.26/АПОТ Наташинский пр.16.02.26.dwg",21976476,"AC1024","R2010","candidate_same_or_newer_dxf"
"Пилотный проект 20 улиц/12. Наташинский пр-д(Дорога от ул. Борисовские пруды до пр.пр5396(вокруг м-р Братеево))/Исходные данные/АПОТ Наташинский пр.16.02.26/ГЕО/17.Наташинский_ГЕО_ЦВЕТ/17.Наташинский_ГЕО_ЦВЕТ.dwg",155571,"AC1032","R2018-R2025","target_ac1032"
"Пилотный проект 20 улиц/12. Наташинский пр-д(Дорога от ул. Борисовские пруды до пр.пр5396(вокруг м-р Братеево))/Исходные данные/АПОТ Наташинский пр.16.02.26/ГЕО/17.Наташинский_ГЕО_ЦВЕТ/3ДЖКХ-25_00694/цвет_output[1-7]_3_ДЖКХ-25_00694_выноски.dwg",384234,"AC1024","R2010","candidate_same_or_newer_dxf"
"Пилотный проект 20 улиц/12. Наташинский пр-д(Дорога от ул. Борисовские пруды до пр.пр5396(вокруг м-р Братеево))/Исходные данные/АПОТ Наташинский пр.16.02.26/ГЕО/17.Наташинский_ГЕО_ЦВЕТ/3ДЖКХ-25_00694/цвет_output[1-7]_3_ДЖКХ-25_00694kl.dwg",1300658,"AC1032","R2018-R2025","target_ac1032"
"Пилотный проект 20 улиц/12. Наташинский пр-д(Дорога от ул. Борисовские пруды до пр.пр5396(вокруг м-р Братеево))/Исходные данные/АПОТ Наташинский пр.16.02.26/ГЕО/17.Наташинский_ГЕО_ЦВЕТ/3ДЖКХ-25_00694/цвет_output[1-7]_3_ДЖКХ-25_00694pp.dwg",107738,"AC1024","R2010","candidate_same_or_newer_dxf"
"Пилотный проект 20 улиц/12. Наташинский пр-д(Дорога от ул. Борисовские пруды до пр.пр5396(вокруг м-р Братеево))/Исходные данные/АПОТ Наташинский пр.16.02.26/ГЕО/17.Наташинский_ГЕО_ЦВЕТ/3ДЖКХ-25_00694/цвет_output[1-7]_3_ДЖКХ-25_00694tp.dwg",2925733,"AC1024","R2010","candidate_same_or_newer_dxf"
"Пилотный проект 20 улиц/12. Наташинский пр-д(Дорога от ул. Борисовские пруды до пр.пр5396(вокруг м-р Братеево))/Исходные данные/АПОТ Наташинский пр.16.02.26/ГЕО/17.Наташинский_ГЕО_ЦВЕТ/3ДЖКХ-25_00694/цвет_output[1-7]_3_ДЖКХ-25_00694up.dwg",6885885,"AC1024","R2010","candidate_same_or_newer_dxf"
"Пилотный проект 20 улиц/12. Наташинский пр-д(Дорога от ул. Борисовские пруды до пр.пр5396(вокруг м-р Братеево))/Исходные данные/АПОТ Наташинский пр.16.02.26/ГЕО/17.Наташинский_ГЕО_ЦВЕТ/3ДЖКХ-25_00694/цвет_output[1-7]_brd.dwg",84469,"AC1024","R2010","candidate_same_or_newer_dxf"
"Пилотный проект 20 улиц/12. Наташинский пр-д(Дорога от ул. Борисовские пруды до пр.пр5396(вокруг м-р Братеево))/Исходные данные/АПОТ Наташинский пр.16.02.26/ГЕО/17.Наташинский_ГЕО_ЦВЕТ/3ДЖКХ-25_00694/цвет_output[1-7]_edge001.dwg",2801492,"AC1032","R2018-R2025","target_ac1032"
"Пилотный проект 20 улиц/12. Наташинский пр-д(Дорога от ул. Борисовские пруды до пр.пр5396(вокруг м-р Братеево))/Исходные данные/АПОТ Наташинский пр.16.02.26/ГЕО/17.Наташинский_ГЕО_ЦВЕТ/3ДЖКХ-25_00694/цвет_output[1-7]_edge002.dwg",1032373,"AC1032","R2018-R2025","target_ac1032"
"Пилотный проект 20 улиц/12. Наташинский пр-д(Дорога от ул. Борисовские пруды до пр.пр5396(вокруг м-р Братеево))/Исходные данные/АПОТ Наташинский пр.16.02.26/ГЕО/17.Наташинский_ГЕО_ЦВЕТ/3ДЖКХ-25_00694/цвет_output[1-7]_edge003.dwg",1027605,"AC1032","R2018-R2025","target_ac1032"
"Пилотный проект 20 улиц/12. Наташинский пр-д(Дорога от ул. Борисовские пруды до пр.пр5396(вокруг м-р Братеево))/Исходные данные/АПОТ Наташинский пр.16.02.26/ГЕО/17.Наташинский_ГЕО_ЦВЕТ/3ДЖКХ-25_00694/цвет_output[1-7]_edge004.dwg",2798988,"AC1032","R2018-R2025","target_ac1032"
"Пилотный проект 20 улиц/12. Наташинский пр-д(Дорога от ул. Борисовские пруды до пр.пр5396(вокруг м-р Братеево))/Исходные данные/АПОТ Наташинский пр.16.02.26/ГЕО/17.Наташинский_ГЕО_ЦВЕТ/3ДЖКХ-25_00694/цвет_output[1-7]_edge005.dwg",2017426,"AC1032","R2018-R2025","target_ac1032"
"Пилотный проект 20 улиц/12. Наташинский пр-д(Дорога от ул. Борисовские пруды до пр.пр5396(вокруг м-р Братеево))/Исходные данные/АПОТ Наташинский пр.16.02.26/ГЕО/17.Наташинский_ГЕО_ЦВЕТ/3ДЖКХ-25_00694/цвет_output[1-7]_edge006.dwg",2017882,"AC1032","R2018-R2025","target_ac1032"
"Пилотный проект 20 улиц/12. Наташинский пр-д(Дорога от ул. Борисовские пруды до пр.пр5396(вокруг м-р Братеево))/Исходные данные/АПОТ Наташинский пр.16.02.26/ГЕО/17.Наташинский_ГЕО_ЦВЕТ/3ДЖКХ-25_00694/цвет_output[1-7]_edge007.dwg",2020452,"AC1032","R2018-R2025","target_ac1032"
"Пилотный проект 20 улиц/12. Наташинский пр-д(Дорога от ул. Борисовские пруды до пр.пр5396(вокруг м-р Братеево))/Исходные данные/АПОТ Наташинский пр.16.02.26/ГЕО/17.Наташинский_ГЕО_ЦВЕТ/3ДЖКХ-25_00694/цвет_output[8]_3_ДЖКХ-25_00694_выноски.dwg",83282,"AC1024","R2010","candidate_same_or_newer_dxf"
"Пилотный проект 20 улиц/12. Наташинский пр-д(Дорога от ул. Борисовские пруды до пр.пр5396(вокруг м-р Братеево))/Исходные данные/АПОТ Наташинский пр.16.02.26/ГЕО/17.Наташинский_ГЕО_ЦВЕТ/3ДЖКХ-25_00694/цвет_output[8]_3_ДЖКХ-25_00694kl.dwg",69015,"AC1032","R2018-R2025","target_ac1032"
"Пилотный проект 20 улиц/12. Наташинский пр-д(Дорога от ул. Борисовские пруды до пр.пр5396(вокруг м-р Братеево))/Исходные данные/АПОТ Наташинский пр.16.02.26/ГЕО/17.Наташинский_ГЕО_ЦВЕТ/3ДЖКХ-25_00694/цвет_output[8]_3_ДЖКХ-25_00694pp.dwg",70414,"AC1024","R2010","candidate_same_or_newer_dxf"
"Пилотный проект 20 улиц/12. Наташинский пр-д(Дорога от ул. Борисовские пруды до пр.пр5396(вокруг м-р Братеево))/Исходные данные/АПОТ Наташинский пр.16.02.26/ГЕО/17.Наташинский_ГЕО_ЦВЕТ/3ДЖКХ-25_00694/цвет_output[8]_3_ДЖКХ-25_00694tp.dwg",120347,"AC1024","R2010","candidate_same_or_newer_dxf"
"Пилотный проект 20 улиц/12. Наташинский пр-д(Дорога от ул. Борисовские пруды до пр.пр5396(вокруг м-р Братеево))/Исходные данные/АПОТ Наташинский пр.16.02.26/ГЕО/17.Наташинский_ГЕО_ЦВЕТ/3ДЖКХ-25_00694/цвет_output[8]_3_ДЖКХ-25_00694up.dwg",103889,"AC1024","R2010","candidate_same_or_newer_dxf"
"Пилотный проект 20 улиц/12. Наташинский пр-д(Дорога от ул. Борисовские пруды до пр.пр5396(вокруг м-р Братеево))/Исходные данные/АПОТ Наташинский пр.16.02.26/ГЕО/17.Наташинский_ГЕО_ЦВЕТ/3ДЖКХ-25_00694/цвет_output[8]_brd.dwg",73837,"AC1024","R2010","candidate_same_or_newer_dxf"
"Пилотный проект 20 улиц/12. Наташинский пр-д(Дорога от ул. Борисовские пруды до пр.пр5396(вокруг м-р Братеево))/Исходные данные/АПОТ Наташинский пр.16.02.26/ГЕО/17.Наташинский_ГЕО_ЦВЕТ/3ДЖКХ-25_00694/цвет_output[8]_edge008.dwg",2784300,"AC1032","R2018-R2025","target_ac1032"
"Пилотный проект 20 улиц/12. Наташинский пр-д(Дорога от ул. Борисовские пруды до пр.пр5396(вокруг м-р Братеево))/Исходные данные/АПОТ Наташинский пр.16.02.26/ГЕО/17.Наташинский_ГЕО_ЦВЕТ/нужный кусок/цвет_output[3]_3_ДЖКХ-24_00379_1_выноска.dwg",95988,"AC1024","R2010","candidate_same_or_newer_dxf"
"Пилотный проект 20 улиц/12. Наташинский пр-д(Дорога от ул. Борисовские пруды до пр.пр5396(вокруг м-р Братеево))/Исходные данные/АПОТ Наташинский пр.16.02.26/ГЕО/17.Наташинский_ГЕО_ЦВЕТ/нужный кусок/цвет_output[3]_3_ДЖКХ-24_00379_1kl.dwg",77787,"AC1032","R2018-R2025","target_ac1032"
"Пилотный проект 20 улиц/12. Наташинский пр-д(Дорога от ул. Борисовские пруды до пр.пр5396(вокруг м-р Братеево))/Исходные данные/АПОТ Наташинский пр.16.02.26/ГЕО/17.Наташинский_ГЕО_ЦВЕТ/нужный кусок/цвет_output[3]_3_ДЖКХ-24_00379_1pp.dwg",73737,"AC1024","R2010","candidate_same_or_newer_dxf"
"Пилотный проект 20 улиц/12. Наташинский пр-д(Дорога от ул. Борисовские пруды до пр.пр5396(вокруг м-р Братеево))/Исходные данные/АПОТ Наташинский пр.16.02.26/ГЕО/17.Наташинский_ГЕО_ЦВЕТ/нужный кусок/цвет_output[3]_3_ДЖКХ-24_00379_1tp.dwg",288499,"AC1024","R2010","candidate_same_or_newer_dxf"
"Пилотный проект 20 улиц/12. Наташинский пр-д(Дорога от ул. Борисовские пруды до пр.пр5396(вокруг м-р Братеево))/Исходные данные/АПОТ Наташинский пр.16.02.26/ГЕО/17.Наташинский_ГЕО_ЦВЕТ/нужный кусок/цвет_output[3]_3_ДЖКХ-24_00379_1up.dwg",1009022,"AC1024","R2010","candidate_same_or_newer_dxf"
"Пилотный проект 20 улиц/12. Наташинский пр-д(Дорога от ул. Борисовские пруды до пр.пр5396(вокруг м-р Братеево))/Исходные данные/АПОТ Наташинский пр.16.02.26/ГЕО/17.Наташинский_ГЕО_ЦВЕТ/нужный кусок/цвет_output[3]_brd.dwg",35440,"AC1024","R2010","candidate_same_or_newer_dxf"
"Пилотный проект 20 улиц/12. Наташинский пр-д(Дорога от ул. Борисовские пруды до пр.пр5396(вокруг м-р Братеево))/Исходные данные/АПОТ Наташинский пр.16.02.26/ГЕО/17.Наташинский_ГЕО_ЦВЕТ/нужный кусок/цвет_output[3]_edge003.dwg",2046958,"AC1032","R2018-R2025","target_ac1032"
"Пилотный проект 20 улиц/12. Наташинский пр-д(Дорога от ул. Борисовские пруды до пр.пр5396(вокруг м-р Братеево))/Исходные данные/АПОТ Наташинский пр.16.02.26/ГЕО/3ДЖКХ-25_00694_1_ЮАО_Наташинский пр-д от ул. Борисов. пр. до пр.пр.5396/output[1].dwg",1500267,"AC1015","R2000","candidate_same_or_newer_dxf"
"Пилотный проект 20 улиц/12. Наташинский пр-д(Дорога от ул. Борисовские пруды до пр.пр5396(вокруг м-р Братеево))/Исходные данные/АПОТ Наташинский пр.16.02.26/ГЕО/3ДЖКХ-25_00694_1_ЮАО_Наташинский пр-д от ул. Борисов. пр. до пр.пр.5396/output[1]_3_ДЖКХ-25_00694_1kl.dwg",108674,"AC1015","R2000","candidate_same_or_newer_dxf"
"Пилотный проект 20 улиц/12. Наташинский пр-д(Дорога от ул. Борисовские пруды до пр.пр5396(вокруг м-р Братеево))/Исходные данные/АПОТ Наташинский пр.16.02.26/ГЕО/3ДЖКХ-25_00694_1_ЮАО_Наташинский пр-д от ул. Борисов. пр. до пр.пр.5396/output[1]_3_ДЖКХ-25_00694_1tp.dwg",282870,"AC1024","R2010","candidate_same_or_newer_dxf"
"Пилотный проект 20 улиц/12. Наташинский пр-д(Дорога от ул. Борисовские пруды до пр.пр5396(вокруг м-р Братеево))/Исходные данные/АПОТ Наташинский пр.16.02.26/ГЕО/3ДЖКХ-25_00694_1_ЮАО_Наташинский пр-д от ул. Борисов. пр. до пр.пр.5396/output[1]_3_ДЖКХ-25_00694_1up.dwg",201816,"AC1024","R2010","candidate_same_or_newer_dxf"
"Пилотный проект 20 улиц/12. Наташинский пр-д(Дорога от ул. Борисовские пруды до пр.пр5396(вокруг м-р Братеево))/Исходные данные/АПОТ Наташинский пр.16.02.26/ГЕО/3ДЖКХ-25_00694_1_ЮАО_Наташинский пр-д от ул. Борисов. пр. до пр.пр.5396/output[1]_brd.dwg",197088,"AC1015","R2000","candidate_same_or_newer_dxf"
"Пилотный проект 20 улиц/12. Наташинский пр-д(Дорога от ул. Борисовские пруды до пр.пр5396(вокруг м-р Братеево))/Исходные данные/АПОТ Наташинский пр.16.02.26/ГЕО/3ДЖКХ-25_00694_1_ЮАО_Наташинский пр-д от ул. Борисов. пр. до пр.пр.5396/output[1]_edge001.dwg",1351980,"AC1015","R2000","candidate_same_or_newer_dxf"
"Пилотный проект 20 улиц/12. Наташинский пр-д(Дорога от ул. Борисовские пруды до пр.пр5396(вокруг м-р Братеево))/Исходные данные/Наташинский_проезд_дендроплан_на_СГП/04.Графическая часть.dwg",32133911,"AC1032","R2018-R2025","target_ac1032"
"Пилотный проект 20 улиц/12. Наташинский пр-д(Дорога от ул. Борисовские пруды до пр.пр5396(вокруг м-р Братеево))/Исходные данные/Наташинский_проезд_дендроплан_на_СГП/ГЕО/17.Наташинский_ГЕО_ЦВЕТ/17.Наташинский_ГЕО_ЦВЕТ.dwg",156522,"AC1032","R2018-R2025","target_ac1032"
"Пилотный проект 20 улиц/12. Наташинский пр-д(Дорога от ул. Борисовские пруды до пр.пр5396(вокруг м-р Братеево))/Исходные данные/Наташинский_проезд_дендроплан_на_СГП/ГЕО/17.Наташинский_ГЕО_ЦВЕТ/3ДЖКХ-25_00694/цвет_output[1-7]_3_ДЖКХ-25_00694_выноски.dwg",382188,"AC1024","R2010","candidate_same_or_newer_dxf"
"Пилотный проект 20 улиц/12. Наташинский пр-д(Дорога от ул. Борисовские пруды до пр.пр5396(вокруг м-р Братеево))/Исходные данные/Наташинский_проезд_дендроплан_на_СГП/ГЕО/17.Наташинский_ГЕО_ЦВЕТ/3ДЖКХ-25_00694/цвет_output[1-7]_3_ДЖКХ-25_00694kl.dwg",1288955,"AC1032","R2018-R2025","target_ac1032"
"Пилотный проект 20 улиц/12. Наташинский пр-д(Дорога от ул. Борисовские пруды до пр.пр5396(вокруг м-р Братеево))/Исходные данные/Наташинский_проезд_дендроплан_на_СГП/ГЕО/17.Наташинский_ГЕО_ЦВЕТ/3ДЖКХ-25_00694/цвет_output[1-7]_3_ДЖКХ-25_00694pp.dwg",107188,"AC1024","R2010","candidate_same_or_newer_dxf"
"Пилотный проект 20 улиц/12. Наташинский пр-д(Дорога от ул. Борисовские пруды до пр.пр5396(вокруг м-р Братеево))/Исходные данные/Наташинский_проезд_дендроплан_на_СГП/ГЕО/17.Наташинский_ГЕО_ЦВЕТ/3ДЖКХ-25_00694/цвет_output[1-7]_3_ДЖКХ-25_00694tp.dwg",2927933,"AC1024","R2010","candidate_same_or_newer_dxf"
"Пилотный проект 20 улиц/12. Наташинский пр-д(Дорога от ул. Борисовские пруды до пр.пр5396(вокруг м-р Братеево))/Исходные данные/Наташинский_проезд_дендроплан_на_СГП/ГЕО/17.Наташинский_ГЕО_ЦВЕТ/3ДЖКХ-25_00694/цвет_output[1-7]_3_ДЖКХ-25_00694up.dwg",6887683,"AC1024","R2010","candidate_same_or_newer_dxf"
"Пилотный проект 20 улиц/12. Наташинский пр-д(Дорога от ул. Борисовские пруды до пр.пр5396(вокруг м-р Братеево))/Исходные данные/Наташинский_проезд_дендроплан_на_СГП/ГЕО/17.Наташинский_ГЕО_ЦВЕТ/3ДЖКХ-25_00694/цвет_output[1-7]_brd.dwg",85109,"AC1024","R2010","candidate_same_or_newer_dxf"
"Пилотный проект 20 улиц/12. Наташинский пр-д(Дорога от ул. Борисовские пруды до пр.пр5396(вокруг м-р Братеево))/Исходные данные/Наташинский_проезд_дендроплан_на_СГП/ГЕО/17.Наташинский_ГЕО_ЦВЕТ/3ДЖКХ-25_00694/цвет_output[1-7]_edge001.dwg",2798351,"AC1032","R2018-R2025","target_ac1032"
"Пилотный проект 20 улиц/12. Наташинский пр-д(Дорога от ул. Борисовские пруды до пр.пр5396(вокруг м-р Братеево))/Исходные данные/Наташинский_проезд_дендроплан_на_СГП/ГЕО/17.Наташинский_ГЕО_ЦВЕТ/3ДЖКХ-25_00694/цвет_output[1-7]_edge002.dwg",1029680,"AC1032","R2018-R2025","target_ac1032"
"Пилотный проект 20 улиц/12. Наташинский пр-д(Дорога от ул. Борисовские пруды до пр.пр5396(вокруг м-р Братеево))/Исходные данные/Наташинский_проезд_дендроплан_на_СГП/ГЕО/17.Наташинский_ГЕО_ЦВЕТ/3ДЖКХ-25_00694/цвет_output[1-7]_edge003.dwg",1033369,"AC1032","R2018-R2025","target_ac1032"
"Пилотный проект 20 улиц/12. Наташинский пр-д(Дорога от ул. Борисовские пруды до пр.пр5396(вокруг м-р Братеево))/Исходные данные/Наташинский_проезд_дендроплан_на_СГП/ГЕО/17.Наташинский_ГЕО_ЦВЕТ/3ДЖКХ-25_00694/цвет_output[1-7]_edge004.dwg",2799664,"AC1032","R2018-R2025","target_ac1032"
"Пилотный проект 20 улиц/12. Наташинский пр-д(Дорога от ул. Борисовские пруды до пр.пр5396(вокруг м-р Братеево))/Исходные данные/Наташинский_проезд_дендроплан_на_СГП/ГЕО/17.Наташинский_ГЕО_ЦВЕТ/3ДЖКХ-25_00694/цвет_output[1-7]_edge005.dwg",2013084,"AC1032","R2018-R2025","target_ac1032"
"Пилотный проект 20 улиц/12. Наташинский пр-д(Дорога от ул. Борисовские пруды до пр.пр5396(вокруг м-р Братеево))/Исходные данные/Наташинский_проезд_дендроплан_на_СГП/ГЕО/17.Наташинский_ГЕО_ЦВЕТ/3ДЖКХ-25_00694/цвет_output[1-7]_edge006.dwg",2013612,"AC1032","R2018-R2025","target_ac1032"
"Пилотный проект 20 улиц/12. Наташинский пр-д(Дорога от ул. Борисовские пруды до пр.пр5396(вокруг м-р Братеево))/Исходные данные/Наташинский_проезд_дендроплан_на_СГП/ГЕО/17.Наташинский_ГЕО_ЦВЕТ/3ДЖКХ-25_00694/цвет_output[1-7]_edge007.dwg",2015383,"AC1032","R2018-R2025","target_ac1032"
"Пилотный проект 20 улиц/12. Наташинский пр-д(Дорога от ул. Борисовские пруды до пр.пр5396(вокруг м-р Братеево))/Исходные данные/Наташинский_проезд_дендроплан_на_СГП/ГЕО/17.Наташинский_ГЕО_ЦВЕТ/3ДЖКХ-25_00694/цвет_output[8]_3_ДЖКХ-25_00694_выноски.dwg",83698,"AC1024","R2010","candidate_same_or_newer_dxf"
"Пилотный проект 20 улиц/12. Наташинский пр-д(Дорога от ул. Борисовские пруды до пр.пр5396(вокруг м-р Братеево))/Исходные данные/Наташинский_проезд_дендроплан_на_СГП/ГЕО/17.Наташинский_ГЕО_ЦВЕТ/3ДЖКХ-25_00694/цвет_output[8]_3_ДЖКХ-25_00694kl.dwg",69144,"AC1032","R2018-R2025","target_ac1032"
"Пилотный проект 20 улиц/12. Наташинский пр-д(Дорога от ул. Борисовские пруды до пр.пр5396(вокруг м-р Братеево))/Исходные данные/Наташинский_проезд_дендроплан_на_СГП/ГЕО/17.Наташинский_ГЕО_ЦВЕТ/3ДЖКХ-25_00694/цвет_output[8]_3_ДЖКХ-25_00694pp.dwg",71118,"AC1024","R2010","candidate_same_or_newer_dxf"
"Пилотный проект 20 улиц/12. Наташинский пр-д(Дорога от ул. Борисовские пруды до пр.пр5396(вокруг м-р Братеево))/Исходные данные/Наташинский_проезд_дендроплан_на_СГП/ГЕО/17.Наташинский_ГЕО_ЦВЕТ/3ДЖКХ-25_00694/цвет_output[8]_3_ДЖКХ-25_00694tp.dwg",120659,"AC1024","R2010","candidate_same_or_newer_dxf"
"Пилотный проект 20 улиц/12. Наташинский пр-д(Дорога от ул. Борисовские пруды до пр.пр5396(вокруг м-р Братеево))/Исходные данные/Наташинский_проезд_дендроплан_на_СГП/ГЕО/17.Наташинский_ГЕО_ЦВЕТ/3ДЖКХ-25_00694/цвет_output[8]_3_ДЖКХ-25_00694up.dwg",109621,"AC1024","R2010","candidate_same_or_newer_dxf"
"Пилотный проект 20 улиц/12. Наташинский пр-д(Дорога от ул. Борисовские пруды до пр.пр5396(вокруг м-р Братеево))/Исходные данные/Наташинский_проезд_дендроплан_на_СГП/ГЕО/17.Наташинский_ГЕО_ЦВЕТ/3ДЖКХ-25_00694/цвет_output[8]_brd.dwg",74153,"AC1024","R2010","candidate_same_or_newer_dxf"
"Пилотный проект 20 улиц/12. Наташинский пр-д(Дорога от ул. Борисовские пруды до пр.пр5396(вокруг м-р Братеево))/Исходные данные/Наташинский_проезд_дендроплан_на_СГП/ГЕО/17.Наташинский_ГЕО_ЦВЕТ/3ДЖКХ-25_00694/цвет_output[8]_edge008.dwg",2793580,"AC1032","R2018-R2025","target_ac1032"
"Пилотный проект 20 улиц/12. Наташинский пр-д(Дорога от ул. Борисовские пруды до пр.пр5396(вокруг м-р Братеево))/Исходные данные/Наташинский_проезд_дендроплан_на_СГП/ГЕО/17.Наташинский_ГЕО_ЦВЕТ/нужный кусок/цвет_output[3]_3_ДЖКХ-24_00379_1_выноска.dwg",96587,"AC1024","R2010","candidate_same_or_newer_dxf"
"Пилотный проект 20 улиц/12. Наташинский пр-д(Дорога от ул. Борисовские пруды до пр.пр5396(вокруг м-р Братеево))/Исходные данные/Наташинский_проезд_дендроплан_на_СГП/ГЕО/17.Наташинский_ГЕО_ЦВЕТ/нужный кусок/цвет_output[3]_3_ДЖКХ-24_00379_1kl.dwg",77727,"AC1032","R2018-R2025","target_ac1032"
"Пилотный проект 20 улиц/12. Наташинский пр-д(Дорога от ул. Борисовские пруды до пр.пр5396(вокруг м-р Братеево))/Исходные данные/Наташинский_проезд_дендроплан_на_СГП/ГЕО/17.Наташинский_ГЕО_ЦВЕТ/нужный кусок/цвет_output[3]_3_ДЖКХ-24_00379_1pp.dwg",74060,"AC1024","R2010","candidate_same_or_newer_dxf"
"Пилотный проект 20 улиц/12. Наташинский пр-д(Дорога от ул. Борисовские пруды до пр.пр5396(вокруг м-р Братеево))/Исходные данные/Наташинский_проезд_дендроплан_на_СГП/ГЕО/17.Наташинский_ГЕО_ЦВЕТ/нужный кусок/цвет_output[3]_3_ДЖКХ-24_00379_1tp.dwg",287861,"AC1024","R2010","candidate_same_or_newer_dxf"
"Пилотный проект 20 улиц/12. Наташинский пр-д(Дорога от ул. Борисовские пруды до пр.пр5396(вокруг м-р Братеево))/Исходные данные/Наташинский_проезд_дендроплан_на_СГП/ГЕО/17.Наташинский_ГЕО_ЦВЕТ/нужный кусок/цвет_output[3]_3_ДЖКХ-24_00379_1up.dwg",1006878,"AC1024","R2010","candidate_same_or_newer_dxf"
"Пилотный проект 20 улиц/12. Наташинский пр-д(Дорога от ул. Борисовские пруды до пр.пр5396(вокруг м-р Братеево))/Исходные данные/Наташинский_проезд_дендроплан_на_СГП/ГЕО/17.Наташинский_ГЕО_ЦВЕТ/нужный кусок/цвет_output[3]_brd.dwg",35918,"AC1024","R2010","candidate_same_or_newer_dxf"
"Пилотный проект 20 улиц/12. Наташинский пр-д(Дорога от ул. Борисовские пруды до пр.пр5396(вокруг м-р Братеево))/Исходные данные/Наташинский_проезд_дендроплан_на_СГП/ГЕО/17.Наташинский_ГЕО_ЦВЕТ/нужный кусок/цвет_output[3]_edge003.dwg",2049859,"AC1032","R2018-R2025","target_ac1032"
"Пилотный проект 20 улиц/12. Наташинский пр-д(Дорога от ул. Борисовские пруды до пр.пр5396(вокруг м-р Братеево))/Исходные данные/Наташинский_проезд_дендроплан_на_СГП/ГЕО/3ДЖКХ-25_00694_1_ЮАО_Наташинский пр-д от ул. Борисов. пр. до пр.пр.5396/output[1].dwg",1560922,"AC1015","R2000","candidate_same_or_newer_dxf"
"Пилотный проект 20 улиц/12. Наташинский пр-д(Дорога от ул. Борисовские пруды до пр.пр5396(вокруг м-р Братеево))/Исходные данные/Наташинский_проезд_дендроплан_на_СГП/ГЕО/3ДЖКХ-25_00694_1_ЮАО_Наташинский пр-д от ул. Борисов. пр. до пр.пр.5396/output[1]_3_ДЖКХ-25_00694_1kl.dwg",190348,"AC1015","R2000","candidate_same_or_newer_dxf"
"Пилотный проект 20 улиц/12. Наташинский пр-д(Дорога от ул. Борисовские пруды до пр.пр5396(вокруг м-р Братеево))/Исходные данные/Наташинский_проезд_дендроплан_на_СГП/ГЕО/3ДЖКХ-25_00694_1_ЮАО_Наташинский пр-д от ул. Борисов. пр. до пр.пр.5396/output[1]_3_ДЖКХ-25_00694_1tp.dwg",279320,"AC1024","R2010","candidate_same_or_newer_dxf"
"Пилотный проект 20 улиц/12. Наташинский пр-д(Дорога от ул. Борисовские пруды до пр.пр5396(вокруг м-р Братеево))/Исходные данные/Наташинский_проезд_дендроплан_на_СГП/ГЕО/3ДЖКХ-25_00694_1_ЮАО_Наташинский пр-д от ул. Борисов. пр. до пр.пр.5396/output[1]_3_ДЖКХ-25_00694_1up.dwg",200762,"AC1024","R2010","candidate_same_or_newer_dxf"
"Пилотный проект 20 улиц/12. Наташинский пр-д(Дорога от ул. Борисовские пруды до пр.пр5396(вокруг м-р Братеево))/Исходные данные/Наташинский_проезд_дендроплан_на_СГП/ГЕО/3ДЖКХ-25_00694_1_ЮАО_Наташинский пр-д от ул. Борисов. пр. до пр.пр.5396/output[1]_brd.dwg",197275,"AC1015","R2000","candidate_same_or_newer_dxf"
"Пилотный проект 20 улиц/12. Наташинский пр-д(Дорога от ул. Борисовские пруды до пр.пр5396(вокруг м-р Братеево))/Исходные данные/Наташинский_проезд_дендроплан_на_СГП/ГЕО/3ДЖКХ-25_00694_1_ЮАО_Наташинский пр-д от ул. Борисов. пр. до пр.пр.5396/output[1]_edge001.dwg",1346697,"AC1015","R2000","candidate_same_or_newer_dxf"
"Пилотный проект 20 улиц/12. Наташинский пр-д(Дорога от ул. Борисовские пруды до пр.пр5396(вокруг м-р Братеево))/Проектное решение/DWG/Наташинский пр.dwg",2684537,"AC1027","R2013-R2017","candidate_same_or_newer_dxf"
"Пилотный проект 20 улиц/12. Наташинский пр-д(Дорога от ул. Борисовские пруды до пр.пр5396(вокруг м-р Братеево))/Проектное решение/DWG/Посадочный план1.dwg",2507864,"AC1027","R2013-R2017","candidate_same_or_newer_dxf"
"Пилотный проект 20 улиц/13. Харьковский проезд/Исходные данные/АПОТ Харьковский проезд вер.8 - Standard/АПОТ Харьковский проезд вер.8.dwg",26722309,"AC1032","R2018-R2025","target_ac1032"
"Пилотный проект 20 улиц/13. Харьковский проезд/Исходные данные/АПОТ Харьковский проезд вер.8 - Standard/Ссылки/output[1-6]_3_ДЖКХпр-25_00627kl.dwg",1277697,"AC1032","R2018-R2025","target_ac1032"
"Пилотный проект 20 улиц/13. Харьковский проезд/Исходные данные/АПОТ Харьковский проезд вер.8 - Standard/Ссылки/output[1-6]_3_ДЖКХпр-25_00627pp.dwg",93574,"AC1027","R2013-R2017","candidate_same_or_newer_dxf"
"Пилотный проект 20 улиц/13. Харьковский проезд/Исходные данные/АПОТ Харьковский проезд вер.8 - Standard/Ссылки/output[1-6]_3_ДЖКХпр-25_00627tp.dwg",2871871,"AC1027","R2013-R2017","candidate_same_or_newer_dxf"
"Пилотный проект 20 улиц/13. Харьковский проезд/Исходные данные/АПОТ Харьковский проезд вер.8 - Standard/Ссылки/output[1-6]_3_ДЖКХпр-25_00627up.dwg",2850939,"AC1027","R2013-R2017","candidate_same_or_newer_dxf"
"Пилотный проект 20 улиц/13. Харьковский проезд/Исходные данные/АПОТ Харьковский проезд вер.8 - Standard/Ссылки/output[1-6]_brd.dwg",46840,"AC1027","R2013-R2017","candidate_same_or_newer_dxf"
"Пилотный проект 20 улиц/13. Харьковский проезд/Исходные данные/АПОТ Харьковский проезд вер.8 - Standard/Ссылки/НО_Харьковский проезд.dwg",16068252,"AC1027","R2013-R2017","candidate_same_or_newer_dxf"
"Пилотный проект 20 улиц/13. Харьковский проезд/Исходные данные/АПОТ Харьковский проезд вер.8 - Standard/Ссылки/Ссылка_Вертикалка общая.dwg",291928,"AC1027","R2013-R2017","candidate_same_or_newer_dxf"
"Пилотный проект 20 улиц/13. Харьковский проезд/Исходные данные/АПОТ Харьковский проезд вер.8 - Standard/Ссылки/ЭС_Харьковский проезд.dwg",2062083,"AC1032","R2018-R2025","target_ac1032"
"Пилотный проект 20 улиц/13. Харьковский проезд/Исходные данные/дендроплан/04.1-2 Графическая часть.dwg",6935505,"AC1032","R2018-R2025","target_ac1032"
"Пилотный проект 20 улиц/13. Харьковский проезд/Исходные данные/дендроплан/Ссылки/output[1-6]_3_ДЖКХпр-25_00627kl.dwg",1276664,"AC1032","R2018-R2025","target_ac1032"
"Пилотный проект 20 улиц/13. Харьковский проезд/Исходные данные/дендроплан/Ссылки/output[1-6]_3_ДЖКХпр-25_00627pp.dwg",93574,"AC1027","R2013-R2017","candidate_same_or_newer_dxf"
"Пилотный проект 20 улиц/13. Харьковский проезд/Исходные данные/дендроплан/Ссылки/output[1-6]_3_ДЖКХпр-25_00627tp.dwg",2872099,"AC1027","R2013-R2017","candidate_same_or_newer_dxf"
"Пилотный проект 20 улиц/13. Харьковский проезд/Исходные данные/дендроплан/Ссылки/output[1-6]_3_ДЖКХпр-25_00627up.dwg",2851292,"AC1027","R2013-R2017","candidate_same_or_newer_dxf"
"Пилотный проект 20 улиц/13. Харьковский проезд/Исходные данные/дендроплан/Ссылки/output[1-6]_brd.dwg",46840,"AC1027","R2013-R2017","candidate_same_or_newer_dxf"
"Пилотный проект 20 улиц/13. Харьковский проезд/Исходные данные/дендроплан/Ссылки/НО_Харьковский проезд.dwg",16078090,"AC1027","R2013-R2017","candidate_same_or_newer_dxf"
"Пилотный проект 20 улиц/13. Харьковский проезд/Исходные данные/дендроплан/Ссылки/ЭС_Харьковский проезд.dwg",2017035,"AC1027","R2013-R2017","candidate_same_or_newer_dxf"
"Пилотный проект 20 улиц/13. Харьковский проезд/Исходные данные/план благо и покрытий/АПОТ Харьковский проезд вер.8.dwg",25549293,"AC1032","R2018-R2025","target_ac1032"
"Пилотный проект 20 улиц/13. Харьковский проезд/Исходные данные/план благо и покрытий/Ссылки/output[1-6]_3_ДЖКХпр-25_00627kl.dwg",1277697,"AC1032","R2018-R2025","target_ac1032"
"Пилотный проект 20 улиц/13. Харьковский проезд/Исходные данные/план благо и покрытий/Ссылки/output[1-6]_3_ДЖКХпр-25_00627pp.dwg",93574,"AC1027","R2013-R2017","candidate_same_or_newer_dxf"
"Пилотный проект 20 улиц/13. Харьковский проезд/Исходные данные/план благо и покрытий/Ссылки/output[1-6]_3_ДЖКХпр-25_00627tp.dwg",2871042,"AC1027","R2013-R2017","candidate_same_or_newer_dxf"
"Пилотный проект 20 улиц/13. Харьковский проезд/Исходные данные/план благо и покрытий/Ссылки/output[1-6]_3_ДЖКХпр-25_00627up.dwg",2850268,"AC1027","R2013-R2017","candidate_same_or_newer_dxf"
"Пилотный проект 20 улиц/13. Харьковский проезд/Исходные данные/план благо и покрытий/Ссылки/output[1-6]_brd.dwg",46840,"AC1027","R2013-R2017","candidate_same_or_newer_dxf"
"Пилотный проект 20 улиц/13. Харьковский проезд/Исходные данные/план благо и покрытий/Ссылки/Ссылка_Вертикалка общая.dwg",291896,"AC1027","R2013-R2017","candidate_same_or_newer_dxf"
"Пилотный проект 20 улиц/13. Харьковский проезд/Исходные данные/план благо и покрытий/Ссылки/ЭС_Харьковский проезд.dwg",2062083,"AC1032","R2018-R2025","target_ac1032"
"Пилотный проект 20 улиц/13. Харьковский проезд/Проектное решение/DWG/33_10004409_Харьковский проезд/33_10004409_Харьковский проезд/Комплект в ДПиООС/01_редформат/АПОТ Харьковский проезд вер.8 - Standard/Ссылки/output[1-6]_3_ДЖКХпр-25_00627kl.dwg",1278271,"AC1032","R2018-R2025","target_ac1032"
"Пилотный проект 20 улиц/13. Харьковский проезд/Проектное решение/DWG/33_10004409_Харьковский проезд/33_10004409_Харьковский проезд/Комплект в ДПиООС/01_редформат/АПОТ Харьковский проезд вер.8 - Standard/Ссылки/output[1-6]_3_ДЖКХпр-25_00627pp.dwg",135639,"AC1032","R2018-R2025","target_ac1032"
"Пилотный проект 20 улиц/13. Харьковский проезд/Проектное решение/DWG/33_10004409_Харьковский проезд/33_10004409_Харьковский проезд/Комплект в ДПиООС/01_редформат/АПОТ Харьковский проезд вер.8 - Standard/Ссылки/output[1-6]_3_ДЖКХпр-25_00627tp.dwg",5344633,"AC1032","R2018-R2025","target_ac1032"
"Пилотный проект 20 улиц/13. Харьковский проезд/Проектное решение/DWG/33_10004409_Харьковский проезд/33_10004409_Харьковский проезд/Комплект в ДПиООС/01_редформат/АПОТ Харьковский проезд вер.8 - Standard/Ссылки/output[1-6]_3_ДЖКХпр-25_00627up.dwg",8579211,"AC1032","R2018-R2025","target_ac1032"
"Пилотный проект 20 улиц/13. Харьковский проезд/Проектное решение/DWG/33_10004409_Харьковский проезд/33_10004409_Харьковский проезд/Комплект в ДПиООС/01_редформат/АПОТ Харьковский проезд вер.8 - Standard/Ссылки/output[1-6]_brd.dwg",47009,"AC1032","R2018-R2025","target_ac1032"
"Пилотный проект 20 улиц/13. Харьковский проезд/Проектное решение/DWG/АПОТ Харьковский проезд вер.8 ДЕНДРОПРОЕКТ.dwg",2991022,"AC1015","R2000","candidate_same_or_newer_dxf"
"Пилотный проект 20 улиц/13. Харьковский проезд/Проектное решение/DWG/АПОТ Харьковский проезд вер.9.dwg",19473617,"AC1027","R2013-R2017","candidate_same_or_newer_dxf"
"Пилотный проект 20 улиц/13. Харьковский проезд/Проектное решение/DWG/Харьковский пр-д_ГП (1).dwg",9713381,"AC1032","R2018-R2025","target_ac1032"
"Пилотный проект 20 улиц/13. Харьковский проезд/Проектное решение/DWG/Харьковский пр-д_Посадочный+++.dwg",13521972,"AC1032","R2018-R2025","target_ac1032"
"Пилотный проект 20 улиц/14. Куликовская улица/Исходные данные/006217-2025_Куликовская_улица изыскания/ИП_Куликовская_улица/3ДЖКХ-24_01800/PaxHeader/output[1-3]_3_ДЖКХ-24_01800tp.dwg",274,"208 pa","not_recognized_as_dwg","rejected_before_conversion"
"Пилотный проект 20 улиц/14. Куликовская улица/Исходные данные/006217-2025_Куликовская_улица изыскания/ИП_Куликовская_улица/3ДЖКХ-24_01800/output[1-3]_3_ДЖКХ-24_01800tp.dwg",1639915,"AC1015","R2000","candidate_same_or_newer_dxf"
"Пилотный проект 20 улиц/14. Куликовская улица/Исходные данные/006217-2025_Куликовская_улица изыскания/ИП_Куликовская_улица/3ДЖКХ-24_02734/PaxHeader/output[1-8]_3_ДЖКХ-24_02734tp.dwg",274,"208 pa","not_recognized_as_dwg","rejected_before_conversion"
"Пилотный проект 20 улиц/14. Куликовская улица/Исходные данные/006217-2025_Куликовская_улица изыскания/ИП_Куликовская_улица/3ДЖКХ-24_02734/output[1-8]_3_ДЖКХ-24_02734tp.dwg",4916249,"AC1015","R2000","candidate_same_or_newer_dxf"
"Пилотный проект 20 улиц/14. Куликовская улица/Исходные данные/006217-2025_Куликовская_улица изыскания/ИП_Куликовская_улица/3ДЖКХпр-25_01261_1/PaxHeader/output[1]_3_ДЖКХпр-25_01261_1tp.dwg",254,"218 pa","not_recognized_as_dwg","rejected_before_conversion"
"Пилотный проект 20 улиц/14. Куликовская улица/Исходные данные/006217-2025_Куликовская_улица изыскания/ИП_Куликовская_улица/3ДЖКХпр-25_01261_1/PaxHeader/output[2]_3_ДЖКХпр-25_01261_1tp.dwg",254,"218 pa","not_recognized_as_dwg","rejected_before_conversion"
"Пилотный проект 20 улиц/14. Куликовская улица/Исходные данные/006217-2025_Куликовская_улица изыскания/ИП_Куликовская_улица/3ДЖКХпр-25_01261_1/PaxHeader/output[3]_3_ДЖКХпр-25_01261_1tp.dwg",254,"218 pa","not_recognized_as_dwg","rejected_before_conversion"
"Пилотный проект 20 улиц/14. Куликовская улица/Исходные данные/006217-2025_Куликовская_улица изыскания/ИП_Куликовская_улица/3ДЖКХпр-25_01261_1/PaxHeader/output[4]_3_ДЖКХпр-25_01261_1tp.dwg",284,"218 pa","not_recognized_as_dwg","rejected_before_conversion"
"Пилотный проект 20 улиц/14. Куликовская улица/Исходные данные/006217-2025_Куликовская_улица изыскания/ИП_Куликовская_улица/3ДЖКХпр-25_01261_1/PaxHeader/output[5]_3_ДЖКХпр-25_01261_1tp.dwg",254,"218 pa","not_recognized_as_dwg","rejected_before_conversion"
"Пилотный проект 20 улиц/14. Куликовская улица/Исходные данные/006217-2025_Куликовская_улица изыскания/ИП_Куликовская_улица/3ДЖКХпр-25_01261_1/PaxHeader/output[6]_3_ДЖКХпр-25_01261_1tp.dwg",254,"218 pa","not_recognized_as_dwg","rejected_before_conversion"
"Пилотный проект 20 улиц/14. Куликовская улица/Исходные данные/006217-2025_Куликовская_улица изыскания/ИП_Куликовская_улица/3ДЖКХпр-25_01261_1/PaxHeader/output[7]_3_ДЖКХпр-25_01261_1tp.dwg",284,"218 pa","not_recognized_as_dwg","rejected_before_conversion"
"Пилотный проект 20 улиц/14. Куликовская улица/Исходные данные/006217-2025_Куликовская_улица изыскания/ИП_Куликовская_улица/3ДЖКХпр-25_01261_1/output[1]_3_ДЖКХпр-25_01261_1tp.dwg",220771,"AC1015","R2000","candidate_same_or_newer_dxf"
"Пилотный проект 20 улиц/14. Куликовская улица/Исходные данные/006217-2025_Куликовская_улица изыскания/ИП_Куликовская_улица/3ДЖКХпр-25_01261_1/output[2]_3_ДЖКХпр-25_01261_1tp.dwg",229494,"AC1015","R2000","candidate_same_or_newer_dxf"
"Пилотный проект 20 улиц/14. Куликовская улица/Исходные данные/006217-2025_Куликовская_улица изыскания/ИП_Куликовская_улица/3ДЖКХпр-25_01261_1/output[3]_3_ДЖКХпр-25_01261_1tp.dwg",226451,"AC1015","R2000","candidate_same_or_newer_dxf"
"Пилотный проект 20 улиц/14. Куликовская улица/Исходные данные/006217-2025_Куликовская_улица изыскания/ИП_Куликовская_улица/3ДЖКХпр-25_01261_1/output[4]_3_ДЖКХпр-25_01261_1tp.dwg",208839,"AC1015","R2000","candidate_same_or_newer_dxf"
"Пилотный проект 20 улиц/14. Куликовская улица/Исходные данные/006217-2025_Куликовская_улица изыскания/ИП_Куликовская_улица/3ДЖКХпр-25_01261_1/output[5]_3_ДЖКХпр-25_01261_1tp.dwg",432498,"AC1015","R2000","candidate_same_or_newer_dxf"
"Пилотный проект 20 улиц/14. Куликовская улица/Исходные данные/006217-2025_Куликовская_улица изыскания/ИП_Куликовская_улица/3ДЖКХпр-25_01261_1/output[6]_3_ДЖКХпр-25_01261_1tp.dwg",629201,"AC1015","R2000","candidate_same_or_newer_dxf"
"Пилотный проект 20 улиц/14. Куликовская улица/Исходные данные/006217-2025_Куликовская_улица изыскания/ИП_Куликовская_улица/3ДЖКХпр-25_01261_1/output[7]_3_ДЖКХпр-25_01261_1tp.dwg",540522,"AC1015","R2000","candidate_same_or_newer_dxf"
"Пилотный проект 20 улиц/14. Куликовская улица/Исходные данные/006217-2025_Куликовская_улица изыскания/ИП_Куликовская_улица/PaxHeader/output[1-14]_3_ДЖКХ-25_01261tp.dwg",313,"247 pa","not_recognized_as_dwg","rejected_before_conversion"
"Пилотный проект 20 улиц/14. Куликовская улица/Исходные данные/006217-2025_Куликовская_улица изыскания/ИП_Куликовская_улица/PaxHeader/ИП_Куликовская_улица.dwg",230,"194 pa","not_recognized_as_dwg","rejected_before_conversion"
"Пилотный проект 20 улиц/14. Куликовская улица/Исходные данные/006217-2025_Куликовская_улица изыскания/ИП_Куликовская_улица/PaxHeader/дендро+границы_Куликовская_улица.dwg",253,"217 pa","not_recognized_as_dwg","rejected_before_conversion"
"Пилотный проект 20 улиц/14. Куликовская улица/Исходные данные/006217-2025_Куликовская_улица изыскания/ИП_Куликовская_улица/ЗДЖКХ-25_01261_ЮЗАО_Куликовская ул/output[1-14]_3_ДЖКХ-25_01261tp.dwg",8853367,"AC1015","R2000","candidate_same_or_newer_dxf"
"Пилотный проект 20 улиц/14. Куликовская улица/Исходные данные/006217-2025_Куликовская_улица изыскания/ИП_Куликовская_улица/ИП_Куликовская_улица.dwg",627021,"AC1032","R2018-R2025","target_ac1032"
"Пилотный проект 20 улиц/14. Куликовская улица/Исходные данные/006217-2025_Куликовская_улица изыскания/ИП_Куликовская_улица/дендро+границы_Куликовская_улица.dwg",761286,"AC1032","R2018-R2025","target_ac1032"
"Пилотный проект 20 улиц/14. Куликовская улица/Исходные данные/10003742_Куликовская улица/!Ссылки/04_ИОТ1.dwg",549596,"AC1032","R2018-R2025","target_ac1032"
"Пилотный проект 20 улиц/14. Куликовская улица/Исходные данные/10003742_Куликовская улица/!Ссылки/05_ИОТ2.dwg",501145,"AC1032","R2018-R2025","target_ac1032"
"Пилотный проект 20 улиц/14. Куликовская улица/Исходные данные/10003742_Куликовская улица/!Ссылки/PaxHeader/04_ИОТ1.dwg",155,"119 pa","not_recognized_as_dwg","rejected_before_conversion"
"Пилотный проект 20 улиц/14. Куликовская улица/Исходные данные/10003742_Куликовская улица/!Ссылки/PaxHeader/05_ИОТ2.dwg",155,"119 pa","not_recognized_as_dwg","rejected_before_conversion"
"Пилотный проект 20 улиц/14. Куликовская улица/Исходные данные/10003742_Куликовская улица/!Ссылки/PaxHeader/Горизонтали_.dwg",168,"132 pa","not_recognized_as_dwg","rejected_before_conversion"
"Пилотный проект 20 улиц/14. Куликовская улица/Исходные данные/10003742_Куликовская улица/!Ссылки/PaxHeader/ЗАЛИВКА.dwg",189,"123 pa","not_recognized_as_dwg","rejected_before_conversion"
"Пилотный проект 20 улиц/14. Куликовская улица/Исходные данные/10003742_Куликовская улица/!Ссылки/Горизонтали_.dwg",449340,"AC1032","R2018-R2025","target_ac1032"
"Пилотный проект 20 улиц/14. Куликовская улица/Исходные данные/10003742_Куликовская улица/!Ссылки/ЗАЛИВКА.dwg",271740,"AC1032","R2018-R2025","target_ac1032"
"Пилотный проект 20 улиц/14. Куликовская улица/Исходные данные/10003742_Куликовская улица/10003742_Куликовская улица.dwg",9342348,"AC1032","R2018-R2025","target_ac1032"
"Пилотный проект 20 улиц/14. Куликовская улица/Исходные данные/10003742_Куликовская улица/3ДЖКХ-24_01800/PaxHeader/output[1-3]_3_ДЖКХ-24_01800kl.dwg",213,"147 pa","not_recognized_as_dwg","rejected_before_conversion"
"Пилотный проект 20 улиц/14. Куликовская улица/Исходные данные/10003742_Куликовская улица/3ДЖКХ-24_01800/PaxHeader/output[1-3]_3_ДЖКХ-24_01800tp.dwg",212,"147 pa","not_recognized_as_dwg","rejected_before_conversion"
"Пилотный проект 20 улиц/14. Куликовская улица/Исходные данные/10003742_Куликовская улица/3ДЖКХ-24_01800/PaxHeader/output[1-3]_3_ДЖКХ-24_01800up.dwg",183,"147 pa","not_recognized_as_dwg","rejected_before_conversion"
"Пилотный проект 20 улиц/14. Куликовская улица/Исходные данные/10003742_Куликовская улица/3ДЖКХ-24_01800/output[1-3]_3_ДЖКХ-24_01800kl.dwg",335609,"AC1015","R2000","candidate_same_or_newer_dxf"
"Пилотный проект 20 улиц/14. Куликовская улица/Исходные данные/10003742_Куликовская улица/3ДЖКХ-24_01800/output[1-3]_3_ДЖКХ-24_01800tp.dwg",1639914,"AC1015","R2000","candidate_same_or_newer_dxf"
"Пилотный проект 20 улиц/14. Куликовская улица/Исходные данные/10003742_Куликовская улица/3ДЖКХ-24_01800/output[1-3]_3_ДЖКХ-24_01800up.dwg",746542,"AC1015","R2000","candidate_same_or_newer_dxf"
"Пилотный проект 20 улиц/14. Куликовская улица/Исходные данные/10003742_Куликовская улица/3ДЖКХ-24_02734/PaxHeader/output[1-8]_3_ДЖКХ-24_02734kl.dwg",183,"147 pa","not_recognized_as_dwg","rejected_before_conversion"
"Пилотный проект 20 улиц/14. Куликовская улица/Исходные данные/10003742_Куликовская улица/3ДЖКХ-24_02734/PaxHeader/output[1-8]_3_ДЖКХ-24_02734tp.dwg",213,"147 pa","not_recognized_as_dwg","rejected_before_conversion"
"Пилотный проект 20 улиц/14. Куликовская улица/Исходные данные/10003742_Куликовская улица/3ДЖКХ-24_02734/PaxHeader/output[1-8]_3_ДЖКХ-24_02734up.dwg",213,"147 pa","not_recognized_as_dwg","rejected_before_conversion"
"Пилотный проект 20 улиц/14. Куликовская улица/Исходные данные/10003742_Куликовская улица/3ДЖКХ-24_02734/output[1-8]_3_ДЖКХ-24_02734kl.dwg",1023310,"AC1032","R2018-R2025","target_ac1032"
"Пилотный проект 20 улиц/14. Куликовская улица/Исходные данные/10003742_Куликовская улица/3ДЖКХ-24_02734/output[1-8]_3_ДЖКХ-24_02734tp.dwg",4916249,"AC1015","R2000","candidate_same_or_newer_dxf"
"Пилотный проект 20 улиц/14. Куликовская улица/Исходные данные/10003742_Куликовская улица/3ДЖКХ-24_02734/output[1-8]_3_ДЖКХ-24_02734up.dwg",2626626,"AC1015","R2000","candidate_same_or_newer_dxf"
"Пилотный проект 20 улиц/14. Куликовская улица/Исходные данные/10003742_Куликовская улица/3ДЖКХ-25_01261_1_ЮЗАО_Куликовская улица/PaxHeader/output[1]_3_ДЖКХ-25_01261_1kl.dwg",228,"192 pa","not_recognized_as_dwg","rejected_before_conversion"
"Пилотный проект 20 улиц/14. Куликовская улица/Исходные данные/10003742_Куликовская улица/3ДЖКХ-25_01261_1_ЮЗАО_Куликовская улица/PaxHeader/output[1]_3_ДЖКХ-25_01261_1tp.dwg",228,"192 pa","not_recognized_as_dwg","rejected_before_conversion"
"Пилотный проект 20 улиц/14. Куликовская улица/Исходные данные/10003742_Куликовская улица/3ДЖКХ-25_01261_1_ЮЗАО_Куликовская улица/PaxHeader/output[1]_3_ДЖКХ-25_01261_1up.dwg",228,"192 pa","not_recognized_as_dwg","rejected_before_conversion"
"Пилотный проект 20 улиц/14. Куликовская улица/Исходные данные/10003742_Куликовская улица/3ДЖКХ-25_01261_1_ЮЗАО_Куликовская улица/PaxHeader/output[1]_brd.dwg",238,"172 pa","not_recognized_as_dwg","rejected_before_conversion"
"Пилотный проект 20 улиц/14. Куликовская улица/Исходные данные/10003742_Куликовская улица/3ДЖКХ-25_01261_1_ЮЗАО_Куликовская улица/PaxHeader/output[2]_3_ДЖКХ-25_01261_1kl.dwg",228,"192 pa","not_recognized_as_dwg","rejected_before_conversion"
"Пилотный проект 20 улиц/14. Куликовская улица/Исходные данные/10003742_Куликовская улица/3ДЖКХ-25_01261_1_ЮЗАО_Куликовская улица/PaxHeader/output[2]_3_ДЖКХ-25_01261_1tp.dwg",228,"192 pa","not_recognized_as_dwg","rejected_before_conversion"
"Пилотный проект 20 улиц/14. Куликовская улица/Исходные данные/10003742_Куликовская улица/3ДЖКХ-25_01261_1_ЮЗАО_Куликовская улица/PaxHeader/output[2]_3_ДЖКХ-25_01261_1up.dwg",257,"192 pa","not_recognized_as_dwg","rejected_before_conversion"
"Пилотный проект 20 улиц/14. Куликовская улица/Исходные данные/10003742_Куликовская улица/3ДЖКХ-25_01261_1_ЮЗАО_Куликовская улица/PaxHeader/output[2]_brd.dwg",238,"172 pa","not_recognized_as_dwg","rejected_before_conversion"
"Пилотный проект 20 улиц/14. Куликовская улица/Исходные данные/10003742_Куликовская улица/3ДЖКХ-25_01261_1_ЮЗАО_Куликовская улица/PaxHeader/output[3]_3_ДЖКХ-25_01261_1kl.dwg",228,"192 pa","not_recognized_as_dwg","rejected_before_conversion"
"Пилотный проект 20 улиц/14. Куликовская улица/Исходные данные/10003742_Куликовская улица/3ДЖКХ-25_01261_1_ЮЗАО_Куликовская улица/PaxHeader/output[3]_3_ДЖКХ-25_01261_1tp.dwg",228,"192 pa","not_recognized_as_dwg","rejected_before_conversion"
"Пилотный проект 20 улиц/14. Куликовская улица/Исходные данные/10003742_Куликовская улица/3ДЖКХ-25_01261_1_ЮЗАО_Куликовская улица/PaxHeader/output[3]_3_ДЖКХ-25_01261_1up.dwg",228,"192 pa","not_recognized_as_dwg","rejected_before_conversion"
"Пилотный проект 20 улиц/14. Куликовская улица/Исходные данные/10003742_Куликовская улица/3ДЖКХ-25_01261_1_ЮЗАО_Куликовская улица/PaxHeader/output[3]_brd.dwg",238,"172 pa","not_recognized_as_dwg","rejected_before_conversion"
"Пилотный проект 20 улиц/14. Куликовская улица/Исходные данные/10003742_Куликовская улица/3ДЖКХ-25_01261_1_ЮЗАО_Куликовская улица/PaxHeader/output[4]_3_ДЖКХ-25_01261_1kl.dwg",228,"192 pa","not_recognized_as_dwg","rejected_before_conversion"
"Пилотный проект 20 улиц/14. Куликовская улица/Исходные данные/10003742_Куликовская улица/3ДЖКХ-25_01261_1_ЮЗАО_Куликовская улица/PaxHeader/output[4]_3_ДЖКХ-25_01261_1tp.dwg",258,"192 pa","not_recognized_as_dwg","rejected_before_conversion"
"Пилотный проект 20 улиц/14. Куликовская улица/Исходные данные/10003742_Куликовская улица/3ДЖКХ-25_01261_1_ЮЗАО_Куликовская улица/PaxHeader/output[4]_3_ДЖКХ-25_01261_1up.dwg",228,"192 pa","not_recognized_as_dwg","rejected_before_conversion"
"Пилотный проект 20 улиц/14. Куликовская улица/Исходные данные/10003742_Куликовская улица/3ДЖКХ-25_01261_1_ЮЗАО_Куликовская улица/PaxHeader/output[4]_brd.dwg",238,"172 pa","not_recognized_as_dwg","rejected_before_conversion"
"Пилотный проект 20 улиц/14. Куликовская улица/Исходные данные/10003742_Куликовская улица/3ДЖКХ-25_01261_1_ЮЗАО_Куликовская улица/PaxHeader/output[5]_3_ДЖКХ-25_01261_1kl.dwg",228,"192 pa","not_recognized_as_dwg","rejected_before_conversion"
"Пилотный проект 20 улиц/14. Куликовская улица/Исходные данные/10003742_Куликовская улица/3ДЖКХ-25_01261_1_ЮЗАО_Куликовская улица/PaxHeader/output[5]_3_ДЖКХ-25_01261_1pp.dwg",258,"192 pa","not_recognized_as_dwg","rejected_before_conversion"
"Пилотный проект 20 улиц/14. Куликовская улица/Исходные данные/10003742_Куликовская улица/3ДЖКХ-25_01261_1_ЮЗАО_Куликовская улица/PaxHeader/output[5]_3_ДЖКХ-25_01261_1tp.dwg",228,"192 pa","not_recognized_as_dwg","rejected_before_conversion"
"Пилотный проект 20 улиц/14. Куликовская улица/Исходные данные/10003742_Куликовская улица/3ДЖКХ-25_01261_1_ЮЗАО_Куликовская улица/PaxHeader/output[5]_3_ДЖКХ-25_01261_1up.dwg",228,"192 pa","not_recognized_as_dwg","rejected_before_conversion"
"Пилотный проект 20 улиц/14. Куликовская улица/Исходные данные/10003742_Куликовская улица/3ДЖКХ-25_01261_1_ЮЗАО_Куликовская улица/PaxHeader/output[5]_brd.dwg",238,"172 pa","not_recognized_as_dwg","rejected_before_conversion"
"Пилотный проект 20 улиц/14. Куликовская улица/Исходные данные/10003742_Куликовская улица/3ДЖКХ-25_01261_1_ЮЗАО_Куликовская улица/PaxHeader/output[6]_3_ДЖКХ-25_01261_1kl.dwg",228,"192 pa","not_recognized_as_dwg","rejected_before_conversion"
"Пилотный проект 20 улиц/14. Куликовская улица/Исходные данные/10003742_Куликовская улица/3ДЖКХ-25_01261_1_ЮЗАО_Куликовская улица/PaxHeader/output[6]_3_ДЖКХ-25_01261_1pp.dwg",228,"192 pa","not_recognized_as_dwg","rejected_before_conversion"
"Пилотный проект 20 улиц/14. Куликовская улица/Исходные данные/10003742_Куликовская улица/3ДЖКХ-25_01261_1_ЮЗАО_Куликовская улица/PaxHeader/output[6]_3_ДЖКХ-25_01261_1tp.dwg",228,"192 pa","not_recognized_as_dwg","rejected_before_conversion"
"Пилотный проект 20 улиц/14. Куликовская улица/Исходные данные/10003742_Куликовская улица/3ДЖКХ-25_01261_1_ЮЗАО_Куликовская улица/PaxHeader/output[6]_3_ДЖКХ-25_01261_1up.dwg",228,"192 pa","not_recognized_as_dwg","rejected_before_conversion"
"Пилотный проект 20 улиц/14. Куликовская улица/Исходные данные/10003742_Куликовская улица/3ДЖКХ-25_01261_1_ЮЗАО_Куликовская улица/PaxHeader/output[6]_brd.dwg",238,"172 pa","not_recognized_as_dwg","rejected_before_conversion"
"Пилотный проект 20 улиц/14. Куликовская улица/Исходные данные/10003742_Куликовская улица/3ДЖКХ-25_01261_1_ЮЗАО_Куликовская улица/PaxHeader/output[7]_3_ДЖКХ-25_01261_1kl.dwg",228,"192 pa","not_recognized_as_dwg","rejected_before_conversion"
"Пилотный проект 20 улиц/14. Куликовская улица/Исходные данные/10003742_Куликовская улица/3ДЖКХ-25_01261_1_ЮЗАО_Куликовская улица/PaxHeader/output[7]_3_ДЖКХ-25_01261_1tp.dwg",228,"192 pa","not_recognized_as_dwg","rejected_before_conversion"
"Пилотный проект 20 улиц/14. Куликовская улица/Исходные данные/10003742_Куликовская улица/3ДЖКХ-25_01261_1_ЮЗАО_Куликовская улица/PaxHeader/output[7]_3_ДЖКХ-25_01261_1up.dwg",258,"192 pa","not_recognized_as_dwg","rejected_before_conversion"
"Пилотный проект 20 улиц/14. Куликовская улица/Исходные данные/10003742_Куликовская улица/3ДЖКХ-25_01261_1_ЮЗАО_Куликовская улица/PaxHeader/output[7]_brd.dwg",238,"172 pa","not_recognized_as_dwg","rejected_before_conversion"
"Пилотный проект 20 улиц/14. Куликовская улица/Исходные данные/10003742_Куликовская улица/3ДЖКХ-25_01261_1_ЮЗАО_Куликовская улица/output[1]_3_ДЖКХ-25_01261_1kl.dwg",247529,"AC1015","R2000","candidate_same_or_newer_dxf"
"Пилотный проект 20 улиц/14. Куликовская улица/Исходные данные/10003742_Куликовская улица/3ДЖКХ-25_01261_1_ЮЗАО_Куликовская улица/output[1]_3_ДЖКХ-25_01261_1tp.dwg",224782,"AC1015","R2000","candidate_same_or_newer_dxf"
"Пилотный проект 20 улиц/14. Куликовская улица/Исходные данные/10003742_Куликовская улица/3ДЖКХ-25_01261_1_ЮЗАО_Куликовская улица/output[1]_3_ДЖКХ-25_01261_1up.dwg",216102,"AC1015","R2000","candidate_same_or_newer_dxf"
"Пилотный проект 20 улиц/14. Куликовская улица/Исходные данные/10003742_Куликовская улица/3ДЖКХ-25_01261_1_ЮЗАО_Куликовская улица/output[1]_brd.dwg",197124,"AC1015","R2000","candidate_same_or_newer_dxf"
"Пилотный проект 20 улиц/14. Куликовская улица/Исходные данные/10003742_Куликовская улица/3ДЖКХ-25_01261_1_ЮЗАО_Куликовская улица/output[2]_3_ДЖКХ-25_01261_1kl.dwg",190041,"AC1015","R2000","candidate_same_or_newer_dxf"
"Пилотный проект 20 улиц/14. Куликовская улица/Исходные данные/10003742_Куликовская улица/3ДЖКХ-25_01261_1_ЮЗАО_Куликовская улица/output[2]_3_ДЖКХ-25_01261_1tp.dwg",237807,"AC1015","R2000","candidate_same_or_newer_dxf"
"Пилотный проект 20 улиц/14. Куликовская улица/Исходные данные/10003742_Куликовская улица/3ДЖКХ-25_01261_1_ЮЗАО_Куликовская улица/output[2]_3_ДЖКХ-25_01261_1up.dwg",204693,"AC1015","R2000","candidate_same_or_newer_dxf"
"Пилотный проект 20 улиц/14. Куликовская улица/Исходные данные/10003742_Куликовская улица/3ДЖКХ-25_01261_1_ЮЗАО_Куликовская улица/output[2]_brd.dwg",197124,"AC1015","R2000","candidate_same_or_newer_dxf"
"Пилотный проект 20 улиц/14. Куликовская улица/Исходные данные/10003742_Куликовская улица/3ДЖКХ-25_01261_1_ЮЗАО_Куликовская улица/output[3]_3_ДЖКХ-25_01261_1kl.dwg",190037,"AC1015","R2000","candidate_same_or_newer_dxf"
"Пилотный проект 20 улиц/14. Куликовская улица/Исходные данные/10003742_Куликовская улица/3ДЖКХ-25_01261_1_ЮЗАО_Куликовская улица/output[3]_3_ДЖКХ-25_01261_1tp.dwg",226263,"AC1015","R2000","candidate_same_or_newer_dxf"
"Пилотный проект 20 улиц/14. Куликовская улица/Исходные данные/10003742_Куликовская улица/3ДЖКХ-25_01261_1_ЮЗАО_Куликовская улица/output[3]_3_ДЖКХ-25_01261_1up.dwg",191965,"AC1015","R2000","candidate_same_or_newer_dxf"
"Пилотный проект 20 улиц/14. Куликовская улица/Исходные данные/10003742_Куликовская улица/3ДЖКХ-25_01261_1_ЮЗАО_Куликовская улица/output[3]_brd.dwg",197140,"AC1015","R2000","candidate_same_or_newer_dxf"
"Пилотный проект 20 улиц/14. Куликовская улица/Исходные данные/10003742_Куликовская улица/3ДЖКХ-25_01261_1_ЮЗАО_Куликовская улица/output[4]_3_ДЖКХ-25_01261_1kl.dwg",190037,"AC1015","R2000","candidate_same_or_newer_dxf"
"Пилотный проект 20 улиц/14. Куликовская улица/Исходные данные/10003742_Куликовская улица/3ДЖКХ-25_01261_1_ЮЗАО_Куликовская улица/output[4]_3_ДЖКХ-25_01261_1tp.dwg",206502,"AC1015","R2000","candidate_same_or_newer_dxf"
"Пилотный проект 20 улиц/14. Куликовская улица/Исходные данные/10003742_Куликовская улица/3ДЖКХ-25_01261_1_ЮЗАО_Куликовская улица/output[4]_3_ДЖКХ-25_01261_1up.dwg",214771,"AC1015","R2000","candidate_same_or_newer_dxf"
"Пилотный проект 20 улиц/14. Куликовская улица/Исходные данные/10003742_Куликовская улица/3ДЖКХ-25_01261_1_ЮЗАО_Куликовская улица/output[4]_brd.dwg",197123,"AC1015","R2000","candidate_same_or_newer_dxf"
"Пилотный проект 20 улиц/14. Куликовская улица/Исходные данные/10003742_Куликовская улица/3ДЖКХ-25_01261_1_ЮЗАО_Куликовская улица/output[5]_3_ДЖКХ-25_01261_1kl.dwg",190041,"AC1015","R2000","candidate_same_or_newer_dxf"
"Пилотный проект 20 улиц/14. Куликовская улица/Исходные данные/10003742_Куликовская улица/3ДЖКХ-25_01261_1_ЮЗАО_Куликовская улица/output[5]_3_ДЖКХ-25_01261_1pp.dwg",210813,"AC1015","R2000","candidate_same_or_newer_dxf"
"Пилотный проект 20 улиц/14. Куликовская улица/Исходные данные/10003742_Куликовская улица/3ДЖКХ-25_01261_1_ЮЗАО_Куликовская улица/output[5]_3_ДЖКХ-25_01261_1tp.dwg",426101,"AC1015","R2000","candidate_same_or_newer_dxf"
"Пилотный проект 20 улиц/14. Куликовская улица/Исходные данные/10003742_Куликовская улица/3ДЖКХ-25_01261_1_ЮЗАО_Куликовская улица/output[5]_3_ДЖКХ-25_01261_1up.dwg",323964,"AC1015","R2000","candidate_same_or_newer_dxf"
"Пилотный проект 20 улиц/14. Куликовская улица/Исходные данные/10003742_Куликовская улица/3ДЖКХ-25_01261_1_ЮЗАО_Куликовская улица/output[5]_brd.dwg",197165,"AC1015","R2000","candidate_same_or_newer_dxf"
"Пилотный проект 20 улиц/14. Куликовская улица/Исходные данные/10003742_Куликовская улица/3ДЖКХ-25_01261_1_ЮЗАО_Куликовская улица/output[6]_3_ДЖКХ-25_01261_1kl.dwg",1012932,"AC1015","R2000","candidate_same_or_newer_dxf"
"Пилотный проект 20 улиц/14. Куликовская улица/Исходные данные/10003742_Куликовская улица/3ДЖКХ-25_01261_1_ЮЗАО_Куликовская улица/output[6]_3_ДЖКХ-25_01261_1pp.dwg",218418,"AC1015","R2000","candidate_same_or_newer_dxf"
"Пилотный проект 20 улиц/14. Куликовская улица/Исходные данные/10003742_Куликовская улица/3ДЖКХ-25_01261_1_ЮЗАО_Куликовская улица/output[6]_3_ДЖКХ-25_01261_1tp.dwg",700613,"AC1015","R2000","candidate_same_or_newer_dxf"
"Пилотный проект 20 улиц/14. Куликовская улица/Исходные данные/10003742_Куликовская улица/3ДЖКХ-25_01261_1_ЮЗАО_Куликовская улица/output[6]_3_ДЖКХ-25_01261_1up.dwg",494120,"AC1015","R2000","candidate_same_or_newer_dxf"
"Пилотный проект 20 улиц/14. Куликовская улица/Исходные данные/10003742_Куликовская улица/3ДЖКХ-25_01261_1_ЮЗАО_Куликовская улица/output[6]_brd.dwg",197157,"AC1015","R2000","candidate_same_or_newer_dxf"
"Пилотный проект 20 улиц/14. Куликовская улица/Исходные данные/10003742_Куликовская улица/3ДЖКХ-25_01261_1_ЮЗАО_Куликовская улица/output[7]_3_ДЖКХ-25_01261_1kl.dwg",190041,"AC1015","R2000","candidate_same_or_newer_dxf"
"Пилотный проект 20 улиц/14. Куликовская улица/Исходные данные/10003742_Куликовская улица/3ДЖКХ-25_01261_1_ЮЗАО_Куликовская улица/output[7]_3_ДЖКХ-25_01261_1tp.dwg",568552,"AC1015","R2000","candidate_same_or_newer_dxf"
"Пилотный проект 20 улиц/14. Куликовская улица/Исходные данные/10003742_Куликовская улица/3ДЖКХ-25_01261_1_ЮЗАО_Куликовская улица/output[7]_3_ДЖКХ-25_01261_1up.dwg",400966,"AC1015","R2000","candidate_same_or_newer_dxf"
"Пилотный проект 20 улиц/14. Куликовская улица/Исходные данные/10003742_Куликовская улица/3ДЖКХ-25_01261_1_ЮЗАО_Куликовская улица/output[7]_brd.dwg",197130,"AC1015","R2000","candidate_same_or_newer_dxf"
"Пилотный проект 20 улиц/14. Куликовская улица/Исходные данные/10003742_Куликовская улица/PaxHeader/10003742_Куликовская улица.dwg",203,"137 pa","not_recognized_as_dwg","rejected_before_conversion"
"Пилотный проект 20 улиц/14. Куликовская улица/Исходные данные/10003742_Куликовская улица/ЗДЖКХ-25_01261_ЮЗАО_Куликовская ул/PaxHeader/output[1-14]_3_ДЖКХ-25_01261kl.dwg",252,"186 pa","not_recognized_as_dwg","rejected_before_conversion"
"Пилотный проект 20 улиц/14. Куликовская улица/Исходные данные/10003742_Куликовская улица/ЗДЖКХ-25_01261_ЮЗАО_Куликовская ул/PaxHeader/output[1-14]_3_ДЖКХ-25_01261pp.dwg",222,"186 pa","not_recognized_as_dwg","rejected_before_conversion"
"Пилотный проект 20 улиц/14. Куликовская улица/Исходные данные/10003742_Куликовская улица/ЗДЖКХ-25_01261_ЮЗАО_Куликовская ул/PaxHeader/output[1-14]_3_ДЖКХ-25_01261tp.dwg",252,"186 pa","not_recognized_as_dwg","rejected_before_conversion"
"Пилотный проект 20 улиц/14. Куликовская улица/Исходные данные/10003742_Куликовская улица/ЗДЖКХ-25_01261_ЮЗАО_Куликовская ул/PaxHeader/output[1-14]_3_ДЖКХ-25_01261up.dwg",252,"186 pa","not_recognized_as_dwg","rejected_before_conversion"
"Пилотный проект 20 улиц/14. Куликовская улица/Исходные данные/10003742_Куликовская улица/ЗДЖКХ-25_01261_ЮЗАО_Куликовская ул/PaxHeader/output[1-14]_brd.dwg",204,"168 pa","not_recognized_as_dwg","rejected_before_conversion"
"Пилотный проект 20 улиц/14. Куликовская улица/Исходные данные/10003742_Куликовская улица/ЗДЖКХ-25_01261_ЮЗАО_Куликовская ул/output[1-14]_3_ДЖКХ-25_01261kl.dwg",9124051,"AC1015","R2000","candidate_same_or_newer_dxf"
"Пилотный проект 20 улиц/14. Куликовская улица/Исходные данные/10003742_Куликовская улица/ЗДЖКХ-25_01261_ЮЗАО_Куликовская ул/output[1-14]_3_ДЖКХ-25_01261pp.dwg",379695,"AC1015","R2000","candidate_same_or_newer_dxf"
"Пилотный проект 20 улиц/14. Куликовская улица/Исходные данные/10003742_Куликовская улица/ЗДЖКХ-25_01261_ЮЗАО_Куликовская ул/output[1-14]_3_ДЖКХ-25_01261tp.dwg",8853367,"AC1015","R2000","candidate_same_or_newer_dxf"
"Пилотный проект 20 улиц/14. Куликовская улица/Исходные данные/10003742_Куликовская улица/ЗДЖКХ-25_01261_ЮЗАО_Куликовская ул/output[1-14]_3_ДЖКХ-25_01261up.dwg",5700060,"AC1015","R2000","candidate_same_or_newer_dxf"
"Пилотный проект 20 улиц/14. Куликовская улица/Исходные данные/10003742_Куликовская улица/ЗДЖКХ-25_01261_ЮЗАО_Куликовская ул/output[1-14]_brd.dwg",315240,"AC1015","R2000","candidate_same_or_newer_dxf"
"Пилотный проект 20 улиц/14. Куликовская улица/Проектные решения/DWG/Генеральный план.dwg",9247888,"AC1032","R2018-R2025","target_ac1032"
"Пилотный проект 20 улиц/14. Куликовская улица/Проектные решения/DWG/Общая ведомость проектируемых растений.dwg",34247,"AC1032","R2018-R2025","target_ac1032"
"Пилотный проект 20 улиц/14. Куликовская улица/Проектные решения/DWG/План благоустройства.dwg",9055329,"AC1032","R2018-R2025","target_ac1032"
"Пилотный проект 20 улиц/14. Куликовская улица/Проектные решения/DWG/План демонтажа.dwg",5949950,"AC1032","R2018-R2025","target_ac1032"
"Пилотный проект 20 улиц/14. Куликовская улица/Проектные решения/DWG/РЧ посадок дуги.dwg",11278243,"AC1032","R2018-R2025","target_ac1032"
"Пилотный проект 20 улиц/14. Куликовская улица/Проектные решения/DWG/РЧ посадок линейный.dwg",10790669,"AC1032","R2018-R2025","target_ac1032"
"Пилотный проект 20 улиц/14. Куликовская улица/Проектные решения/DWG/РЧ холмы (дуги).dwg",1854691,"AC1032","R2018-R2025","target_ac1032"
"Пилотный проект 20 улиц/14. Куликовская улица/Проектные решения/DWG/РЧ холмы.dwg",1728732,"AC1032","R2018-R2025","target_ac1032"
"Пилотный проект 20 улиц/14. Куликовская улица/Проектные решения/DWG/Схема патрульной очистки снега.dwg",8694234,"AC1032","R2018-R2025","target_ac1032"
"Пилотный проект 20 улиц/15. Академика Понтрягина/Исходные данные/003963-2025_Академика понтрягина ул/ИП_Академика Понтрягина ул/PaxHeader/ИП_Академика Понтрягина ул.dwg",250,"214 pa","not_recognized_as_dwg","rejected_before_conversion"
"Пилотный проект 20 улиц/15. Академика Понтрягина/Исходные данные/003963-2025_Академика понтрягина ул/ИП_Академика Понтрягина ул/Заявка/10003825_Академика Понтрягина улица.dwg",29197824,"AC1032","R2018-R2025","target_ac1032"
"Пилотный проект 20 улиц/15. Академика Понтрягина/Исходные данные/003963-2025_Академика понтрягина ул/ИП_Академика Понтрягина ул/Заявка/PaxHeader/10003825_Академика Понтрягина улица.dwg",303,"237 pa","not_recognized_as_dwg","rejected_before_conversion"
"Пилотный проект 20 улиц/15. Академика Понтрягина/Исходные данные/003963-2025_Академика понтрягина ул/ИП_Академика Понтрягина ул/ИП_Академика Понтрягина ул.dwg",220037,"AC1032","R2018-R2025","target_ac1032"
"Пилотный проект 20 улиц/15. Академика Понтрягина/Исходные данные/05_ЮЗАО_10003825_Академика Понтрягина улица - Standard (1)/!Ссылки/01_Бортовые камни.dwg",286619,"AC1032","R2018-R2025","target_ac1032"
"Пилотный проект 20 улиц/15. Академика Понтрягина/Исходные данные/05_ЮЗАО_10003825_Академика Понтрягина улица - Standard (1)/!Ссылки/02_Покрытия.dwg",172122,"AC1032","R2018-R2025","target_ac1032"
"Пилотный проект 20 улиц/15. Академика Понтрягина/Исходные данные/05_ЮЗАО_10003825_Академика Понтрягина улица - Standard (1)/!Ссылки/03_Вертикалка.dwg",156088,"AC1032","R2018-R2025","target_ac1032"
"Пилотный проект 20 улиц/15. Академика Понтрягина/Исходные данные/05_ЮЗАО_10003825_Академика Понтрягина улица - Standard (1)/!Ссылки/PaxHeader/01_Бортовые камни.dwg",225,"189 pa","not_recognized_as_dwg","rejected_before_conversion"
"Пилотный проект 20 улиц/15. Академика Понтрягина/Исходные данные/05_ЮЗАО_10003825_Академика Понтрягина улица - Standard (1)/!Ссылки/PaxHeader/02_Покрытия.dwg",214,"178 pa","not_recognized_as_dwg","rejected_before_conversion"
"Пилотный проект 20 улиц/15. Академика Понтрягина/Исходные данные/05_ЮЗАО_10003825_Академика Понтрягина улица - Standard (1)/!Ссылки/PaxHeader/03_Вертикалка.dwg",218,"182 pa","not_recognized_as_dwg","rejected_before_conversion"
"Пилотный проект 20 улиц/15. Академика Понтрягина/Исходные данные/05_ЮЗАО_10003825_Академика Понтрягина улица - Standard (1)/!Ссылки/PaxHeader/НО 10003825 Академика Понтрягина улица.dwg",259,"223 pa","not_recognized_as_dwg","rejected_before_conversion"
"Пилотный проект 20 улиц/15. Академика Понтрягина/Исходные данные/05_ЮЗАО_10003825_Академика Понтрягина улица - Standard (1)/!Ссылки/PaxHeader/ЭС_10003825 Академика Понтрягина улица.dwg",259,"223 pa","not_recognized_as_dwg","rejected_before_conversion"
"Пилотный проект 20 улиц/15. Академика Понтрягина/Исходные данные/05_ЮЗАО_10003825_Академика Понтрягина улица - Standard (1)/!Ссылки/НО 10003825 Академика Понтрягина улица.dwg",1163772,"AC1032","R2018-R2025","target_ac1032"
"Пилотный проект 20 улиц/15. Академика Понтрягина/Исходные данные/05_ЮЗАО_10003825_Академика Понтрягина улица - Standard (1)/!Ссылки/ЭС_10003825 Академика Понтрягина улица.dwg",1001026,"AC1032","R2018-R2025","target_ac1032"
"Пилотный проект 20 улиц/15. Академика Понтрягина/Исходные данные/05_ЮЗАО_10003825_Академика Понтрягина улица - Standard (1)/05_ЮЗАО_10003825_Академика Понтрягина улица.dwg",4514591,"AC1032","R2018-R2025","target_ac1032"
"Пилотный проект 20 улиц/15. Академика Понтрягина/Исходные данные/05_ЮЗАО_10003825_Академика Понтрягина улица - Standard (1)/PaxHeader/05_ЮЗАО_10003825_Академика Понтрягина улица.dwg",282,"216 pa","not_recognized_as_dwg","rejected_before_conversion"
"Пилотный проект 20 улиц/15. Академика Понтрягина/Исходные данные/05_ЮЗАО_10003825_Академика Понтрягина улица - Standard (1)/Собранная ГЕО/3_ДЖКХ-24_00912_1_brd.dwg",28496,"AC1032","R2018-R2025","target_ac1032"
"Пилотный проект 20 улиц/15. Академика Понтрягина/Исходные данные/05_ЮЗАО_10003825_Академика Понтрягина улица - Standard (1)/Собранная ГЕО/3_ДЖКХ-24_00912_1kl.dwg",31214,"AC1032","R2018-R2025","target_ac1032"
"Пилотный проект 20 улиц/15. Академика Понтрягина/Исходные данные/05_ЮЗАО_10003825_Академика Понтрягина улица - Standard (1)/Собранная ГЕО/3_ДЖКХ-24_00912_1pp.dwg",22344,"AC1032","R2018-R2025","target_ac1032"
"Пилотный проект 20 улиц/15. Академика Понтрягина/Исходные данные/05_ЮЗАО_10003825_Академика Понтрягина улица - Standard (1)/Собранная ГЕО/3_ДЖКХ-24_00912_1tp.dwg",170585,"AC1032","R2018-R2025","target_ac1032"
"Пилотный проект 20 улиц/15. Академика Понтрягина/Исходные данные/05_ЮЗАО_10003825_Академика Понтрягина улица - Standard (1)/Собранная ГЕО/3_ДЖКХ-24_00912_1up.dwg",113598,"AC1032","R2018-R2025","target_ac1032"
"Пилотный проект 20 улиц/15. Академика Понтрягина/Исходные данные/05_ЮЗАО_10003825_Академика Понтрягина улица - Standard (1)/Собранная ГЕО/3_ДЖКХ-24_02732_brd.dwg",29744,"AC1032","R2018-R2025","target_ac1032"
"Пилотный проект 20 улиц/15. Академика Понтрягина/Исходные данные/05_ЮЗАО_10003825_Академика Понтрягина улица - Standard (1)/Собранная ГЕО/3_ДЖКХ-24_02732kl.dwg",1249725,"AC1032","R2018-R2025","target_ac1032"
"Пилотный проект 20 улиц/15. Академика Понтрягина/Исходные данные/05_ЮЗАО_10003825_Академика Понтрягина улица - Standard (1)/Собранная ГЕО/3_ДЖКХ-24_02732pp.dwg",40687,"AC1032","R2018-R2025","target_ac1032"
"Пилотный проект 20 улиц/15. Академика Понтрягина/Исходные данные/05_ЮЗАО_10003825_Академика Понтрягина улица - Standard (1)/Собранная ГЕО/3_ДЖКХ-24_02732tp.dwg",1593129,"AC1032","R2018-R2025","target_ac1032"
"Пилотный проект 20 улиц/15. Академика Понтрягина/Исходные данные/05_ЮЗАО_10003825_Академика Понтрягина улица - Standard (1)/Собранная ГЕО/3_ДЖКХ-24_02732up.dwg",830300,"AC1032","R2018-R2025","target_ac1032"
"Пилотный проект 20 улиц/15. Академика Понтрягина/Исходные данные/05_ЮЗАО_10003825_Академика Понтрягина улица - Standard (1)/Собранная ГЕО/3_ДЖКХ-24_03230_brd.dwg",35375,"AC1032","R2018-R2025","target_ac1032"
"Пилотный проект 20 улиц/15. Академика Понтрягина/Исходные данные/05_ЮЗАО_10003825_Академика Понтрягина улица - Standard (1)/Собранная ГЕО/3_ДЖКХ-24_03230kl.dwg",1735439,"AC1032","R2018-R2025","target_ac1032"
"Пилотный проект 20 улиц/15. Академика Понтрягина/Исходные данные/05_ЮЗАО_10003825_Академика Понтрягина улица - Standard (1)/Собранная ГЕО/3_ДЖКХ-24_03230pp.dwg",367361,"AC1032","R2018-R2025","target_ac1032"
"Пилотный проект 20 улиц/15. Академика Понтрягина/Исходные данные/05_ЮЗАО_10003825_Академика Понтрягина улица - Standard (1)/Собранная ГЕО/3_ДЖКХ-24_03230tp.dwg",4063359,"AC1032","R2018-R2025","target_ac1032"
"Пилотный проект 20 улиц/15. Академика Понтрягина/Исходные данные/05_ЮЗАО_10003825_Академика Понтрягина улица - Standard (1)/Собранная ГЕО/3_ДЖКХ-24_03230up.dwg",1368310,"AC1032","R2018-R2025","target_ac1032"
"Пилотный проект 20 улиц/15. Академика Понтрягина/Исходные данные/05_ЮЗАО_10003825_Академика Понтрягина улица - Standard (1)/Собранная ГЕО/3_ДЖКХ-25_01821_brd.dwg",66979,"AC1032","R2018-R2025","target_ac1032"
"Пилотный проект 20 улиц/15. Академика Понтрягина/Исходные данные/05_ЮЗАО_10003825_Академика Понтрягина улица - Standard (1)/Собранная ГЕО/3_ДЖКХ-25_01821kl.dwg",3695485,"AC1032","R2018-R2025","target_ac1032"
"Пилотный проект 20 улиц/15. Академика Понтрягина/Исходные данные/05_ЮЗАО_10003825_Академика Понтрягина улица - Standard (1)/Собранная ГЕО/3_ДЖКХ-25_01821pp.dwg",126592,"AC1032","R2018-R2025","target_ac1032"
"Пилотный проект 20 улиц/15. Академика Понтрягина/Исходные данные/05_ЮЗАО_10003825_Академика Понтрягина улица - Standard (1)/Собранная ГЕО/3_ДЖКХ-25_01821tp.dwg",10382523,"AC1032","R2018-R2025","target_ac1032"
"Пилотный проект 20 улиц/15. Академика Понтрягина/Исходные данные/05_ЮЗАО_10003825_Академика Понтрягина улица - Standard (1)/Собранная ГЕО/3_ДЖКХ-25_01821up.dwg",3943297,"AC1032","R2018-R2025","target_ac1032"
"Пилотный проект 20 улиц/15. Академика Понтрягина/Исходные данные/05_ЮЗАО_10003825_Академика Понтрягина улица - Standard (1)/Собранная ГЕО/3_ДЖКХ-25_01871_brd.dwg",25289,"AC1032","R2018-R2025","target_ac1032"
"Пилотный проект 20 улиц/15. Академика Понтрягина/Исходные данные/05_ЮЗАО_10003825_Академика Понтрягина улица - Standard (1)/Собранная ГЕО/3_ДЖКХ-25_01871kl.dwg",93188,"AC1032","R2018-R2025","target_ac1032"
"Пилотный проект 20 улиц/15. Академика Понтрягина/Исходные данные/05_ЮЗАО_10003825_Академика Понтрягина улица - Standard (1)/Собранная ГЕО/3_ДЖКХ-25_01871pp.dwg",31114,"AC1032","R2018-R2025","target_ac1032"
"Пилотный проект 20 улиц/15. Академика Понтрягина/Исходные данные/05_ЮЗАО_10003825_Академика Понтрягина улица - Standard (1)/Собранная ГЕО/3_ДЖКХ-25_01871tp.dwg",86402,"AC1032","R2018-R2025","target_ac1032"
"Пилотный проект 20 улиц/15. Академика Понтрягина/Исходные данные/05_ЮЗАО_10003825_Академика Понтрягина улица - Standard (1)/Собранная ГЕО/3_ДЖКХ-25_01871up.dwg",162616,"AC1032","R2018-R2025","target_ac1032"
"Пилотный проект 20 улиц/15. Академика Понтрягина/Исходные данные/05_ЮЗАО_10003825_Академика Понтрягина улица - Standard (1)/Собранная ГЕО/BRD.dwg",76312,"AC1032","R2018-R2025","target_ac1032"
"Пилотный проект 20 улиц/15. Академика Понтрягина/Исходные данные/05_ЮЗАО_10003825_Академика Понтрягина улица - Standard (1)/Собранная ГЕО/KL.dwg",78101,"AC1032","R2018-R2025","target_ac1032"
"Пилотный проект 20 улиц/15. Академика Понтрягина/Исходные данные/05_ЮЗАО_10003825_Академика Понтрягина улица - Standard (1)/Собранная ГЕО/PP.dwg",74739,"AC1032","R2018-R2025","target_ac1032"
"Пилотный проект 20 улиц/15. Академика Понтрягина/Исходные данные/05_ЮЗАО_10003825_Академика Понтрягина улица - Standard (1)/Собранная ГЕО/PaxHeader/3_ДЖКХ-24_00912_1_brd.dwg",232,"196 pa","not_recognized_as_dwg","rejected_before_conversion"
"Пилотный проект 20 улиц/15. Академика Понтрягина/Исходные данные/05_ЮЗАО_10003825_Академика Понтрягина улица - Standard (1)/Собранная ГЕО/PaxHeader/3_ДЖКХ-24_00912_1kl.dwg",230,"194 pa","not_recognized_as_dwg","rejected_before_conversion"
"Пилотный проект 20 улиц/15. Академика Понтрягина/Исходные данные/05_ЮЗАО_10003825_Академика Понтрягина улица - Standard (1)/Собранная ГЕО/PaxHeader/3_ДЖКХ-24_00912_1pp.dwg",230,"194 pa","not_recognized_as_dwg","rejected_before_conversion"
"Пилотный проект 20 улиц/15. Академика Понтрягина/Исходные данные/05_ЮЗАО_10003825_Академика Понтрягина улица - Standard (1)/Собранная ГЕО/PaxHeader/3_ДЖКХ-24_00912_1tp.dwg",230,"194 pa","not_recognized_as_dwg","rejected_before_conversion"
"Пилотный проект 20 улиц/15. Академика Понтрягина/Исходные данные/05_ЮЗАО_10003825_Академика Понтрягина улица - Standard (1)/Собранная ГЕО/PaxHeader/3_ДЖКХ-24_00912_1up.dwg",230,"194 pa","not_recognized_as_dwg","rejected_before_conversion"
"Пилотный проект 20 улиц/15. Академика Понтрягина/Исходные данные/05_ЮЗАО_10003825_Академика Понтрягина улица - Standard (1)/Собранная ГЕО/PaxHeader/3_ДЖКХ-24_02732_brd.dwg",230,"194 pa","not_recognized_as_dwg","rejected_before_conversion"
"Пилотный проект 20 улиц/15. Академика Понтрягина/Исходные данные/05_ЮЗАО_10003825_Академика Понтрягина улица - Standard (1)/Собранная ГЕО/PaxHeader/3_ДЖКХ-24_02732kl.dwg",258,"192 pa","not_recognized_as_dwg","rejected_before_conversion"
"Пилотный проект 20 улиц/15. Академика Понтрягина/Исходные данные/05_ЮЗАО_10003825_Академика Понтрягина улица - Standard (1)/Собранная ГЕО/PaxHeader/3_ДЖКХ-24_02732pp.dwg",228,"192 pa","not_recognized_as_dwg","rejected_before_conversion"
"Пилотный проект 20 улиц/15. Академика Понтрягина/Исходные данные/05_ЮЗАО_10003825_Академика Понтрягина улица - Standard (1)/Собранная ГЕО/PaxHeader/3_ДЖКХ-24_02732tp.dwg",228,"192 pa","not_recognized_as_dwg","rejected_before_conversion"
"Пилотный проект 20 улиц/15. Академика Понтрягина/Исходные данные/05_ЮЗАО_10003825_Академика Понтрягина улица - Standard (1)/Собранная ГЕО/PaxHeader/3_ДЖКХ-24_02732up.dwg",228,"192 pa","not_recognized_as_dwg","rejected_before_conversion"
"Пилотный проект 20 улиц/15. Академика Понтрягина/Исходные данные/05_ЮЗАО_10003825_Академика Понтрягина улица - Standard (1)/Собранная ГЕО/PaxHeader/3_ДЖКХ-24_03230_brd.dwg",230,"194 pa","not_recognized_as_dwg","rejected_before_conversion"
"Пилотный проект 20 улиц/15. Академика Понтрягина/Исходные данные/05_ЮЗАО_10003825_Академика Понтрягина улица - Standard (1)/Собранная ГЕО/PaxHeader/3_ДЖКХ-24_03230kl.dwg",228,"192 pa","not_recognized_as_dwg","rejected_before_conversion"
"Пилотный проект 20 улиц/15. Академика Понтрягина/Исходные данные/05_ЮЗАО_10003825_Академика Понтрягина улица - Standard (1)/Собранная ГЕО/PaxHeader/3_ДЖКХ-24_03230pp.dwg",228,"192 pa","not_recognized_as_dwg","rejected_before_conversion"
"Пилотный проект 20 улиц/15. Академика Понтрягина/Исходные данные/05_ЮЗАО_10003825_Академика Понтрягина улица - Standard (1)/Собранная ГЕО/PaxHeader/3_ДЖКХ-24_03230tp.dwg",258,"192 pa","not_recognized_as_dwg","rejected_before_conversion"
"Пилотный проект 20 улиц/15. Академика Понтрягина/Исходные данные/05_ЮЗАО_10003825_Академика Понтрягина улица - Standard (1)/Собранная ГЕО/PaxHeader/3_ДЖКХ-24_03230up.dwg",228,"192 pa","not_recognized_as_dwg","rejected_before_conversion"
"Пилотный проект 20 улиц/15. Академика Понтрягина/Исходные данные/05_ЮЗАО_10003825_Академика Понтрягина улица - Standard (1)/Собранная ГЕО/PaxHeader/3_ДЖКХ-25_01821_brd.dwg",260,"194 pa","not_recognized_as_dwg","rejected_before_conversion"
"Пилотный проект 20 улиц/15. Академика Понтрягина/Исходные данные/05_ЮЗАО_10003825_Академика Понтрягина улица - Standard (1)/Собранная ГЕО/PaxHeader/3_ДЖКХ-25_01821kl.dwg",258,"192 pa","not_recognized_as_dwg","rejected_before_conversion"
"Пилотный проект 20 улиц/15. Академика Понтрягина/Исходные данные/05_ЮЗАО_10003825_Академика Понтрягина улица - Standard (1)/Собранная ГЕО/PaxHeader/3_ДЖКХ-25_01821pp.dwg",228,"192 pa","not_recognized_as_dwg","rejected_before_conversion"
"Пилотный проект 20 улиц/15. Академика Понтрягина/Исходные данные/05_ЮЗАО_10003825_Академика Понтрягина улица - Standard (1)/Собранная ГЕО/PaxHeader/3_ДЖКХ-25_01821tp.dwg",257,"192 pa","not_recognized_as_dwg","rejected_before_conversion"
"Пилотный проект 20 улиц/15. Академика Понтрягина/Исходные данные/05_ЮЗАО_10003825_Академика Понтрягина улица - Standard (1)/Собранная ГЕО/PaxHeader/3_ДЖКХ-25_01821up.dwg",258,"192 pa","not_recognized_as_dwg","rejected_before_conversion"
"Пилотный проект 20 улиц/15. Академика Понтрягина/Исходные данные/05_ЮЗАО_10003825_Академика Понтрягина улица - Standard (1)/Собранная ГЕО/PaxHeader/3_ДЖКХ-25_01871_brd.dwg",230,"194 pa","not_recognized_as_dwg","rejected_before_conversion"
"Пилотный проект 20 улиц/15. Академика Понтрягина/Исходные данные/05_ЮЗАО_10003825_Академика Понтрягина улица - Standard (1)/Собранная ГЕО/PaxHeader/3_ДЖКХ-25_01871kl.dwg",228,"192 pa","not_recognized_as_dwg","rejected_before_conversion"
"Пилотный проект 20 улиц/15. Академика Понтрягина/Исходные данные/05_ЮЗАО_10003825_Академика Понтрягина улица - Standard (1)/Собранная ГЕО/PaxHeader/3_ДЖКХ-25_01871pp.dwg",228,"192 pa","not_recognized_as_dwg","rejected_before_conversion"
"Пилотный проект 20 улиц/15. Академика Понтрягина/Исходные данные/05_ЮЗАО_10003825_Академика Понтрягина улица - Standard (1)/Собранная ГЕО/PaxHeader/3_ДЖКХ-25_01871tp.dwg",228,"192 pa","not_recognized_as_dwg","rejected_before_conversion"
"Пилотный проект 20 улиц/15. Академика Понтрягина/Исходные данные/05_ЮЗАО_10003825_Академика Понтрягина улица - Standard (1)/Собранная ГЕО/PaxHeader/3_ДЖКХ-25_01871up.dwg",228,"192 pa","not_recognized_as_dwg","rejected_before_conversion"
"Пилотный проект 20 улиц/15. Академика Понтрягина/Исходные данные/05_ЮЗАО_10003825_Академика Понтрягина улица - Standard (1)/Собранная ГЕО/PaxHeader/BRD.dwg",240,"174 pa","not_recognized_as_dwg","rejected_before_conversion"
"Пилотный проект 20 улиц/15. Академика Понтрягина/Исходные данные/05_ЮЗАО_10003825_Академика Понтрягина улица - Standard (1)/Собранная ГЕО/PaxHeader/KL.dwg",239,"173 pa","not_recognized_as_dwg","rejected_before_conversion"
"Пилотный проект 20 улиц/15. Академика Понтрягина/Исходные данные/05_ЮЗАО_10003825_Академика Понтрягина улица - Standard (1)/Собранная ГЕО/PaxHeader/PP.dwg",239,"173 pa","not_recognized_as_dwg","rejected_before_conversion"
"Пилотный проект 20 улиц/15. Академика Понтрягина/Исходные данные/05_ЮЗАО_10003825_Академика Понтрягина улица - Standard (1)/Собранная ГЕО/PaxHeader/TP.dwg",209,"173 pa","not_recognized_as_dwg","rejected_before_conversion"
"Пилотный проект 20 улиц/15. Академика Понтрягина/Исходные данные/05_ЮЗАО_10003825_Академика Понтрягина улица - Standard (1)/Собранная ГЕО/PaxHeader/UP.dwg",209,"173 pa","not_recognized_as_dwg","rejected_before_conversion"
"Пилотный проект 20 улиц/15. Академика Понтрягина/Исходные данные/05_ЮЗАО_10003825_Академика Понтрягина улица - Standard (1)/Собранная ГЕО/PaxHeader/Собранная ГЕО.dwg",232,"196 pa","not_recognized_as_dwg","rejected_before_conversion"
"Пилотный проект 20 улиц/15. Академика Понтрягина/Исходные данные/05_ЮЗАО_10003825_Академика Понтрягина улица - Standard (1)/Собранная ГЕО/TP.dwg",83070,"AC1032","R2018-R2025","target_ac1032"
"Пилотный проект 20 улиц/15. Академика Понтрягина/Исходные данные/05_ЮЗАО_10003825_Академика Понтрягина улица - Standard (1)/Собранная ГЕО/UP.dwg",83602,"AC1032","R2018-R2025","target_ac1032"
"Пилотный проект 20 улиц/15. Академика Понтрягина/Исходные данные/05_ЮЗАО_10003825_Академика Понтрягина улица - Standard (1)/Собранная ГЕО/Собранная ГЕО.dwg",92381,"AC1032","R2018-R2025","target_ac1032"
"Пилотный проект 20 улиц/15. Академика Понтрягина/Проектное решение/г. Москва ул. Академика Понтрягина от 01.09.26г/DWG/Ведомость растений.dwg",38291,"AC1018","R2004","candidate_same_or_newer_dxf"
"Пилотный проект 20 улиц/15. Академика Понтрягина/Проектное решение/г. Москва ул. Академика Понтрягина от 01.09.26г/DWG/Генеральный план.dwg",2257533,"AC1018","R2004","candidate_same_or_newer_dxf"
"Пилотный проект 20 улиц/15. Академика Понтрягина/Проектное решение/г. Москва ул. Академика Понтрягина от 01.09.26г/DWG/Демонтажный план.dwg",927892,"AC1018","R2004","candidate_same_or_newer_dxf"
"Пилотный проект 20 улиц/15. Академика Понтрягина/Проектное решение/г. Москва ул. Академика Понтрягина от 01.09.26г/DWG/План благоустройства.dwg",2478296,"AC1032","R2018-R2025","target_ac1032"
"Пилотный проект 20 улиц/15. Академика Понтрягина/Проектное решение/г. Москва ул. Академика Понтрягина от 01.09.26г/DWG/План уборки снега .dwg",2942051,"AC1018","R2004","candidate_same_or_newer_dxf"
"Пилотный проект 20 улиц/15. Академика Понтрягина/Проектное решение/г. Москва ул. Академика Понтрягина от 01.09.26г/DWG/РЧ озеленения (линейные) .dwg",3227225,"AC1018","R2004","candidate_same_or_newer_dxf"
"Пилотный проект 20 улиц/15. Академика Понтрягина/Проектное решение/г. Москва ул. Академика Понтрягина от 01.09.26г/DWG/РЧ озеленения (привязки).dwg",2530681,"AC1018","R2004","candidate_same_or_newer_dxf"
"Пилотный проект 20 улиц/15. Академика Понтрягина/Проектное решение/г. Москва ул. Академика Понтрягина от 01.09.26г/DWG/РЧ холмов ( линейный).dwg",1413119,"AC1018","R2004","candidate_same_or_newer_dxf"
"Пилотный проект 20 улиц/15. Академика Понтрягина/Проектное решение/г. Москва ул. Академика Понтрягина от 01.09.26г/DWG/РЧ холмов (дуги).dwg",1487936,"AC1018","R2004","candidate_same_or_newer_dxf"
"Пилотный проект 20 улиц/15. Академика Понтрягина/Проектное решение/г. Москва ул. Академика Понтрягина от 01.09.26г/DWG/РЧ холмов.dwg",1622295,"AC1018","R2004","candidate_same_or_newer_dxf"
"Пилотный проект 20 улиц/15. Академика Понтрягина/Проектное решение/г. Москва ул. Академика Понтрягина от 01.09.26г/DWG/Разбивочной чертеж озеленения (дуги).dwg",2693643,"AC1018","R2004","candidate_same_or_newer_dxf"
"Пилотный проект 20 улиц/15. Академика Понтрягина/Проектное решение/г. Москва ул. Академика Понтрягина от 01.09.26г/DWG/Холмы план.dwg",1370056,"AC1018","R2004","candidate_same_or_newer_dxf"
"Пилотный проект 20 улиц/15. Академика Понтрягина/Проектное решение/г. Москва ул. Академика Понтрягина от 01.09.26г/DWG/Холмы схема расположения.dwg",461485,"AC1018","R2004","candidate_same_or_newer_dxf"
"Пилотный проект 20 улиц/16. улица Берзарина/Исходные данные/10004588_улица Берзарина_ГП.dwg",22276573,"AC1032","R2018-R2025","target_ac1032"
"Пилотный проект 20 улиц/16. улица Берзарина/Исходные данные/ДЕНДРОПлан_улица Берзарина_29.06 (1).dwg",23376176,"AC1032","R2018-R2025","target_ac1032"
"Пилотный проект 20 улиц/16. улица Берзарина/Проектное решение/DWG/Генплан.dwg",30123326,"AC1027","R2013-R2017","candidate_same_or_newer_dxf"
"Пилотный проект 20 улиц/16. улица Берзарина/Проектное решение/DWG/Посадочный план.dwg",36270281,"AC1027","R2013-R2017","candidate_same_or_newer_dxf"
"Пилотный проект 20 улиц/17. Грузинская М ул/Исходные данные/10001169_Грузинская М. ул. изыскания /ИП_Грузинская М. ул/ГЕО+заявка/10001169_Грузинская М.ул.dwg",13965478,"AC1032","R2018-R2025","target_ac1032"
"Пилотный проект 20 улиц/17. Грузинская М ул/Исходные данные/10001169_Грузинская М. ул. изыскания /ИП_Грузинская М. ул/ИП_Грузинская М. ул.dwg",355576,"AC1032","R2018-R2025","target_ac1032"
"Пилотный проект 20 улиц/17. Грузинская М ул/Исходные данные/10001169_Грузинская М. ул/10001169.dwg",2943321,"AC1032","R2018-R2025","target_ac1032"
"Пилотный проект 20 улиц/17. Грузинская М ул/Исходные данные/10001169_Грузинская М. ул/_УО/xref_УО.dwg",372484,"AC1032","R2018-R2025","target_ac1032"
"Пилотный проект 20 улиц/17. Грузинская М ул/Исходные данные/10001169_Грузинская М. ул/xref/xref_БУ_Грузинская М. ул..dwg",756858,"AC1032","R2018-R2025","target_ac1032"
"Пилотный проект 20 улиц/17. Грузинская М ул/Исходные данные/10001169_Грузинская М. ул/xref/xref_ДП_Грузинская М. ул..dwg",355726,"AC1032","R2018-R2025","target_ac1032"
"Пилотный проект 20 улиц/17. Грузинская М ул/Исходные данные/10001169_Грузинская М. ул/xref/xref_ИТП_Грузинская М. ул.dwg",81624,"AC1032","R2018-R2025","target_ac1032"
"Пилотный проект 20 улиц/17. Грузинская М ул/Исходные данные/10001169_Грузинская М. ул/xref/xref_ОДИ_Грузинская М. ул.dwg",95524,"AC1032","R2018-R2025","target_ac1032"
"Пилотный проект 20 улиц/17. Грузинская М ул/Исходные данные/10001169_Грузинская М. ул/xref/xref_ОЛХ_Грузинская М. ул.dwg",183531,"AC1032","R2018-R2025","target_ac1032"
"Пилотный проект 20 улиц/17. Грузинская М ул/Исходные данные/10001169_Грузинская М. ул/xref/xref_ПОС_Грузинская М. ул.dwg",107976,"AC1032","R2018-R2025","target_ac1032"
"Пилотный проект 20 улиц/17. Грузинская М ул/Исходные данные/10001169_Грузинская М. ул/xref/xref_ЭН_Грузинская М ул.dwg",286708,"AC1032","R2018-R2025","target_ac1032"
"Пилотный проект 20 улиц/17. Грузинская М ул/Исходные данные/10001169_Грузинская М. ул/xref/xref_граница_Грузинская М. ул.dwg",83568,"AC1032","R2018-R2025","target_ac1032"
"Пилотный проект 20 улиц/17. Грузинская М ул/Исходные данные/10001169_Грузинская М. ул/xref_ИТП/brd_Грузинская М.ул.dwg",71785,"AC1032","R2018-R2025","target_ac1032"
"Пилотный проект 20 улиц/17. Грузинская М ул/Исходные данные/10001169_Грузинская М. ул/xref_ИТП/kl_Грузинская М.ул.dwg",3262997,"AC1032","R2018-R2025","target_ac1032"
"Пилотный проект 20 улиц/17. Грузинская М ул/Исходные данные/10001169_Грузинская М. ул/xref_ИТП/pp_Грузинская М.ул.dwg",213635,"AC1032","R2018-R2025","target_ac1032"
"Пилотный проект 20 улиц/17. Грузинская М ул/Исходные данные/10001169_Грузинская М. ул/xref_ИТП/tp_Грузинская М.ул.dwg",4890894,"AC1032","R2018-R2025","target_ac1032"
"Пилотный проект 20 улиц/17. Грузинская М ул/Исходные данные/10001169_Грузинская М. ул/xref_ИТП/up_Грузинская М.ул.dwg",5450884,"AC1032","R2018-R2025","target_ac1032"
"Пилотный проект 20 улиц/17. Грузинская М ул/Проектное решение/_УО/xref_ОКН.dwg",212376,"AC1032","R2018-R2025","target_ac1032"
"Пилотный проект 20 улиц/17. Грузинская М ул/Проектное решение/_УО/xref_УО.dwg",381453,"AC1032","R2018-R2025","target_ac1032"
"Пилотный проект 20 улиц/17. Грузинская М ул/Проектное решение/xref/xref_ВП.dwg",126381,"AC1032","R2018-R2025","target_ac1032"
"Пилотный проект 20 улиц/17. Грузинская М ул/Проектное решение/xref/xref_ИТП/brd_Грузинская М.ул.dwg",71462,"AC1032","R2018-R2025","target_ac1032"
"Пилотный проект 20 улиц/17. Грузинская М ул/Проектное решение/xref/xref_ИТП/kl_Грузинская М.ул.dwg",3262997,"AC1032","R2018-R2025","target_ac1032"
"Пилотный проект 20 улиц/17. Грузинская М ул/Проектное решение/xref/xref_ИТП/pp_Грузинская М.ул.dwg",213603,"AC1032","R2018-R2025","target_ac1032"
"Пилотный проект 20 улиц/17. Грузинская М ул/Проектное решение/xref/xref_ИТП/tp_Грузинская М.ул.dwg",4890862,"AC1032","R2018-R2025","target_ac1032"
"Пилотный проект 20 улиц/17. Грузинская М ул/Проектное решение/xref/xref_ИТП/up_Грузинская М.ул.dwg",5450884,"AC1032","R2018-R2025","target_ac1032"
"Пилотный проект 20 улиц/17. Грузинская М ул/Проектное решение/xref/xref_ИТП_Грузинская М. ул.dwg",81587,"AC1032","R2018-R2025","target_ac1032"
"Пилотный проект 20 улиц/17. Грузинская М ул/Проектное решение/xref/xref_ОЛХ_Грузинская М. ул.dwg",183531,"AC1032","R2018-R2025","target_ac1032"
"Пилотный проект 20 улиц/17. Грузинская М ул/Проектное решение/xref/xref_ПОС.dwg",107975,"AC1032","R2018-R2025","target_ac1032"
"Пилотный проект 20 улиц/17. Грузинская М ул/Проектное решение/xref/xref_СЩ.dwg",376060,"AC1032","R2018-R2025","target_ac1032"
"Пилотный проект 20 улиц/17. Грузинская М ул/Проектное решение/xref/xref_УО.dwg",340266,"AC1032","R2018-R2025","target_ac1032"
"Пилотный проект 20 улиц/17. Грузинская М ул/Проектное решение/xref/xref_ЭН.dwg",339777,"AC1032","R2018-R2025","target_ac1032"
"Пилотный проект 20 улиц/17. Грузинская М ул/Проектное решение/xref/xref_бу (1).dwg",897038,"AC1032","R2018-R2025","target_ac1032"
"Пилотный проект 20 улиц/17. Грузинская М ул/Проектное решение/xref/xref_газоны.dwg",222164,"AC1032","R2018-R2025","target_ac1032"
"Пилотный проект 20 улиц/17. Грузинская М ул/Проектное решение/xref/xref_граница.dwg",86646,"AC1032","R2018-R2025","target_ac1032"
"Пилотный проект 20 улиц/17. Грузинская М ул/Проектное решение/xref/xref_дп.dwg",613901,"AC1032","R2018-R2025","target_ac1032"
"Пилотный проект 20 улиц/17. Грузинская М ул/Проектное решение/xref/зелень.dwg",1817782,"AC1032","R2018-R2025","target_ac1032"
"Пилотный проект 20 улиц/17. Грузинская М ул/Проектное решение/грузинская гп/_УО/xref_ОКН.dwg",212376,"AC1032","R2018-R2025","target_ac1032"
"Пилотный проект 20 улиц/17. Грузинская М ул/Проектное решение/грузинская гп/_УО/xref_УО.dwg",381453,"AC1032","R2018-R2025","target_ac1032"
"Пилотный проект 20 улиц/17. Грузинская М ул/Проектное решение/грузинская гп/xref/xref_ВП.dwg",126381,"AC1032","R2018-R2025","target_ac1032"
"Пилотный проект 20 улиц/17. Грузинская М ул/Проектное решение/грузинская гп/xref/xref_ИТП/brd_Грузинская М.ул.dwg",71462,"AC1032","R2018-R2025","target_ac1032"
"Пилотный проект 20 улиц/17. Грузинская М ул/Проектное решение/грузинская гп/xref/xref_ИТП/kl_Грузинская М.ул.dwg",3262997,"AC1032","R2018-R2025","target_ac1032"
"Пилотный проект 20 улиц/17. Грузинская М ул/Проектное решение/грузинская гп/xref/xref_ИТП/pp_Грузинская М.ул.dwg",213603,"AC1032","R2018-R2025","target_ac1032"
"Пилотный проект 20 улиц/17. Грузинская М ул/Проектное решение/грузинская гп/xref/xref_ИТП/tp_Грузинская М.ул.dwg",4890862,"AC1032","R2018-R2025","target_ac1032"
"Пилотный проект 20 улиц/17. Грузинская М ул/Проектное решение/грузинская гп/xref/xref_ИТП/up_Грузинская М.ул.dwg",5450884,"AC1032","R2018-R2025","target_ac1032"
"Пилотный проект 20 улиц/17. Грузинская М ул/Проектное решение/грузинская гп/xref/xref_ИТП_Грузинская М. ул.dwg",81587,"AC1032","R2018-R2025","target_ac1032"
"Пилотный проект 20 улиц/17. Грузинская М ул/Проектное решение/грузинская гп/xref/xref_ОЛХ_Грузинская М. ул.dwg",183531,"AC1032","R2018-R2025","target_ac1032"
"Пилотный проект 20 улиц/17. Грузинская М ул/Проектное решение/грузинская гп/xref/xref_ПОС.dwg",107975,"AC1032","R2018-R2025","target_ac1032"
"Пилотный проект 20 улиц/17. Грузинская М ул/Проектное решение/грузинская гп/xref/xref_СЩ.dwg",376060,"AC1032","R2018-R2025","target_ac1032"
"Пилотный проект 20 улиц/17. Грузинская М ул/Проектное решение/грузинская гп/xref/xref_УО.dwg",340266,"AC1032","R2018-R2025","target_ac1032"
"Пилотный проект 20 улиц/17. Грузинская М ул/Проектное решение/грузинская гп/xref/xref_ЭН.dwg",276536,"AC1032","R2018-R2025","target_ac1032"
"Пилотный проект 20 улиц/17. Грузинская М ул/Проектное решение/грузинская гп/xref/xref_бу.dwg",1051907,"AC1032","R2018-R2025","target_ac1032"
"Пилотный проект 20 улиц/17. Грузинская М ул/Проектное решение/грузинская гп/xref/xref_газоны.dwg",222164,"AC1032","R2018-R2025","target_ac1032"
"Пилотный проект 20 улиц/17. Грузинская М ул/Проектное решение/грузинская гп/xref/xref_граница.dwg",83568,"AC1032","R2018-R2025","target_ac1032"
"Пилотный проект 20 улиц/17. Грузинская М ул/Проектное решение/грузинская гп/xref/xref_дп.dwg",613901,"AC1032","R2018-R2025","target_ac1032"
"Пилотный проект 20 улиц/17. Грузинская М ул/Проектное решение/грузинская гп/xref/зелень.dwg",2544528,"AC1032","R2018-R2025","target_ac1032"
"Пилотный проект 20 улиц/17. Грузинская М ул/Проектное решение/грузинская гп/План благоустройства.dwg",2684116,"AC1032","R2018-R2025","target_ac1032"
"Пилотный проект 20 улиц/17. Грузинская М ул/Проектное решение/дендроплан/_УО/xref_ОКН.dwg",212376,"AC1032","R2018-R2025","target_ac1032"
"Пилотный проект 20 улиц/17. Грузинская М ул/Проектное решение/дендроплан/_УО/xref_УО.dwg",381453,"AC1032","R2018-R2025","target_ac1032"
"Пилотный проект 20 улиц/17. Грузинская М ул/Проектное решение/дендроплан/xref/xref_ВП.dwg",126381,"AC1032","R2018-R2025","target_ac1032"
"Пилотный проект 20 улиц/17. Грузинская М ул/Проектное решение/дендроплан/xref/xref_ДП.dwg",349314,"AC1032","R2018-R2025","target_ac1032"
"Пилотный проект 20 улиц/17. Грузинская М ул/Проектное решение/дендроплан/xref/xref_ИТП/brd_Грузинская М.ул.dwg",71462,"AC1032","R2018-R2025","target_ac1032"
"Пилотный проект 20 улиц/17. Грузинская М ул/Проектное решение/дендроплан/xref/xref_ИТП/kl_Грузинская М.ул.dwg",3262997,"AC1032","R2018-R2025","target_ac1032"
"Пилотный проект 20 улиц/17. Грузинская М ул/Проектное решение/дендроплан/xref/xref_ИТП/pp_Грузинская М.ул.dwg",213603,"AC1032","R2018-R2025","target_ac1032"
"Пилотный проект 20 улиц/17. Грузинская М ул/Проектное решение/дендроплан/xref/xref_ИТП/tp_Грузинская М.ул.dwg",4890862,"AC1032","R2018-R2025","target_ac1032"
"Пилотный проект 20 улиц/17. Грузинская М ул/Проектное решение/дендроплан/xref/xref_ИТП/up_Грузинская М.ул.dwg",5450884,"AC1032","R2018-R2025","target_ac1032"
"Пилотный проект 20 улиц/17. Грузинская М ул/Проектное решение/дендроплан/xref/xref_ИТП_Грузинская М. ул.dwg",81587,"AC1032","R2018-R2025","target_ac1032"
"Пилотный проект 20 улиц/17. Грузинская М ул/Проектное решение/дендроплан/xref/xref_ОЛХ_Грузинская М. ул.dwg",183531,"AC1032","R2018-R2025","target_ac1032"
"Пилотный проект 20 улиц/17. Грузинская М ул/Проектное решение/дендроплан/xref/xref_УО.dwg",340266,"AC1032","R2018-R2025","target_ac1032"
"Пилотный проект 20 улиц/17. Грузинская М ул/Проектное решение/дендроплан/xref/xref_ЭН.dwg",279166,"AC1032","R2018-R2025","target_ac1032"
"Пилотный проект 20 улиц/17. Грузинская М ул/Проектное решение/дендроплан/xref/xref_бу (1).dwg",668084,"AC1032","R2018-R2025","target_ac1032"
"Пилотный проект 20 улиц/17. Грузинская М ул/Проектное решение/дендроплан/xref/xref_бу.dwg",1046861,"AC1032","R2018-R2025","target_ac1032"
"Пилотный проект 20 улиц/17. Грузинская М ул/Проектное решение/дендроплан/xref/xref_газоны.dwg",222164,"AC1032","R2018-R2025","target_ac1032"
"Пилотный проект 20 улиц/17. Грузинская М ул/Проектное решение/дендроплан/xref/xref_граница (1).dwg",113715,"AC1032","R2018-R2025","target_ac1032"
"Пилотный проект 20 улиц/17. Грузинская М ул/Проектное решение/дендроплан/xref/xref_пос.dwg",383562,"AC1032","R2018-R2025","target_ac1032"
"Пилотный проект 20 улиц/17. Грузинская М ул/Проектное решение/дендроплан/xref/xref_сщ.dwg",590733,"AC1032","R2018-R2025","target_ac1032"
"Пилотный проект 20 улиц/17. Грузинская М ул/Проектное решение/дендроплан/xref/зелень.dwg",2544528,"AC1032","R2018-R2025","target_ac1032"
"Пилотный проект 20 улиц/17. Грузинская М ул/Проектное решение/дендроплан/дендроплан совмещенный со стройгенплпном.dwg",1562300,"AC1032","R2018-R2025","target_ac1032"
"Пилотный проект 20 улиц/17. Грузинская М ул/Проектное решение/план благоустройства.dwg",2682685,"AC1032","R2018-R2025","target_ac1032"
"Пилотный проект 20 улиц/17. Грузинская М ул/Проектное решение/разбивочно-посадочный чертеж/_УО/xref_ОКН.dwg",212376,"AC1032","R2018-R2025","target_ac1032"
"Пилотный проект 20 улиц/17. Грузинская М ул/Проектное решение/разбивочно-посадочный чертеж/_УО/xref_УО.dwg",381453,"AC1032","R2018-R2025","target_ac1032"
"Пилотный проект 20 улиц/17. Грузинская М ул/Проектное решение/разбивочно-посадочный чертеж/xref/(19-10-18_15.06.2026)xref_бу.dwg",1004660,"AC1032","R2018-R2025","target_ac1032"
"Пилотный проект 20 улиц/17. Грузинская М ул/Проектное решение/разбивочно-посадочный чертеж/xref/xref_ВП.dwg",126381,"AC1032","R2018-R2025","target_ac1032"
"Пилотный проект 20 улиц/17. Грузинская М ул/Проектное решение/разбивочно-посадочный чертеж/xref/xref_ИТП/brd_Грузинская М.ул.dwg",71462,"AC1032","R2018-R2025","target_ac1032"
"Пилотный проект 20 улиц/17. Грузинская М ул/Проектное решение/разбивочно-посадочный чертеж/xref/xref_ИТП/kl_Грузинская М.ул.dwg",3262997,"AC1032","R2018-R2025","target_ac1032"
"Пилотный проект 20 улиц/17. Грузинская М ул/Проектное решение/разбивочно-посадочный чертеж/xref/xref_ИТП/pp_Грузинская М.ул.dwg",213603,"AC1032","R2018-R2025","target_ac1032"
"Пилотный проект 20 улиц/17. Грузинская М ул/Проектное решение/разбивочно-посадочный чертеж/xref/xref_ИТП/tp_Грузинская М.ул.dwg",4890862,"AC1032","R2018-R2025","target_ac1032"
"Пилотный проект 20 улиц/17. Грузинская М ул/Проектное решение/разбивочно-посадочный чертеж/xref/xref_ИТП/up_Грузинская М.ул.dwg",5450884,"AC1032","R2018-R2025","target_ac1032"
"Пилотный проект 20 улиц/17. Грузинская М ул/Проектное решение/разбивочно-посадочный чертеж/xref/xref_ИТП_Грузинская М. ул.dwg",81587,"AC1032","R2018-R2025","target_ac1032"
"Пилотный проект 20 улиц/17. Грузинская М ул/Проектное решение/разбивочно-посадочный чертеж/xref/xref_ПОС.dwg",107975,"AC1032","R2018-R2025","target_ac1032"
"Пилотный проект 20 улиц/17. Грузинская М ул/Проектное решение/разбивочно-посадочный чертеж/xref/xref_УО.dwg",340266,"AC1032","R2018-R2025","target_ac1032"
"Пилотный проект 20 улиц/17. Грузинская М ул/Проектное решение/разбивочно-посадочный чертеж/xref/xref_ЭН.dwg",339777,"AC1032","R2018-R2025","target_ac1032"
"Пилотный проект 20 улиц/17. Грузинская М ул/Проектное решение/разбивочно-посадочный чертеж/xref/xref_бу (1).dwg",554423,"AC1032","R2018-R2025","target_ac1032"
"Пилотный проект 20 улиц/17. Грузинская М ул/Проектное решение/разбивочно-посадочный чертеж/xref/xref_бу.dwg",994224,"AC1032","R2018-R2025","target_ac1032"
"Пилотный проект 20 улиц/17. Грузинская М ул/Проектное решение/разбивочно-посадочный чертеж/xref/xref_газоны.dwg",222164,"AC1032","R2018-R2025","target_ac1032"
"Пилотный проект 20 улиц/17. Грузинская М ул/Проектное решение/разбивочно-посадочный чертеж/xref/xref_граница (1).dwg",113715,"AC1032","R2018-R2025","target_ac1032"
"Пилотный проект 20 улиц/17. Грузинская М ул/Проектное решение/разбивочно-посадочный чертеж/xref/xref_олх_грузинская м. ул.dwg",466272,"AC1032","R2018-R2025","target_ac1032"
"Пилотный проект 20 улиц/17. Грузинская М ул/Проектное решение/разбивочно-посадочный чертеж/xref/подложка зелень.dwg",1547163,"AC1032","R2018-R2025","target_ac1032"
"Пилотный проект 20 улиц/17. Грузинская М ул/Проектное решение/разбивочно-посадочный чертеж/xref_дп.dwg",611515,"AC1032","R2018-R2025","target_ac1032"
"Пилотный проект 20 улиц/17. Грузинская М ул/Проектное решение/разбивочно-посадочный чертеж/разбивочно_посадочный чертеж..dwg",3622595,"AC1032","R2018-R2025","target_ac1032"
"Пилотный проект 20 улиц/18. Кустанайская улица/Исходные данные/000749-2026_Кустанайская улица/ИП_Кустанайская улица/PaxHeader/ИП_Кустанайская улица.dwg",249,"183 pa","not_recognized_as_dwg","rejected_before_conversion"
"Пилотный проект 20 улиц/18. Кустанайская улица/Исходные данные/000749-2026_Кустанайская улица/ИП_Кустанайская улица/PaxHeader/ЮАО-10004141-Кустанайская улица.dwg",330,"264 pa","not_recognized_as_dwg","rejected_before_conversion"
"Пилотный проект 20 улиц/18. Кустанайская улица/Исходные данные/000749-2026_Кустанайская улица/ИП_Кустанайская улица/ИП_Кустанайская улица.dwg",669802,"AC1032","R2018-R2025","target_ac1032"
"Пилотный проект 20 улиц/18. Кустанайская улица/Исходные данные/000749-2026_Кустанайская улица/ИП_Кустанайская улица/ЮАО-10004141-Кустанайская улица.dwg",9131346,"AC1032","R2018-R2025","target_ac1032"
"Пилотный проект 20 улиц/18. Кустанайская улица/Исходные данные/05_10004141_Генплан_Кустанайская ул. - Standard/00.3_Ссылки/00.1_10004141_Топография.dwg",3481989,"AC1032","R2018-R2025","target_ac1032"
"Пилотный проект 20 улиц/18. Кустанайская улица/Исходные данные/05_10004141_Генплан_Кустанайская ул. - Standard/00.3_Ссылки/00.2_10004141_Сети.dwg",3323322,"AC1032","R2018-R2025","target_ac1032"
"Пилотный проект 20 улиц/18. Кустанайская улица/Исходные данные/05_10004141_Генплан_Кустанайская ул. - Standard/00.3_Ссылки/00.3_10004141_Граниицы.dwg",816118,"AC1032","R2018-R2025","target_ac1032"
"Пилотный проект 20 улиц/18. Кустанайская улица/Исходные данные/05_10004141_Генплан_Кустанайская ул. - Standard/00.3_Ссылки/01_10004141_Границы работ.dwg",130477,"AC1032","R2018-R2025","target_ac1032"
"Пилотный проект 20 улиц/18. Кустанайская улица/Исходные данные/05_10004141_Генплан_Кустанайская ул. - Standard/00.3_Ссылки/03_10004141_Проектные решения.dwg",1580469,"AC1032","R2018-R2025","target_ac1032"
"Пилотный проект 20 улиц/18. Кустанайская улица/Исходные данные/05_10004141_Генплан_Кустанайская ул. - Standard/00.3_Ссылки/04_10004141_ИОТ1.dwg",4022347,"AC1032","R2018-R2025","target_ac1032"
"Пилотный проект 20 улиц/18. Кустанайская улица/Исходные данные/05_10004141_Генплан_Кустанайская ул. - Standard/00.3_Ссылки/PaxHeader/00.1_10004141_Топография.dwg",241,"175 pa","not_recognized_as_dwg","rejected_before_conversion"
"Пилотный проект 20 улиц/18. Кустанайская улица/Исходные данные/05_10004141_Генплан_Кустанайская ул. - Standard/00.3_Ссылки/PaxHeader/00.2_10004141_Сети.dwg",229,"163 pa","not_recognized_as_dwg","rejected_before_conversion"
"Пилотный проект 20 улиц/18. Кустанайская улица/Исходные данные/05_10004141_Генплан_Кустанайская ул. - Standard/00.3_Ссылки/PaxHeader/00.3_10004141_Граниицы.dwg",207,"171 pa","not_recognized_as_dwg","rejected_before_conversion"
"Пилотный проект 20 улиц/18. Кустанайская улица/Исходные данные/05_10004141_Генплан_Кустанайская ул. - Standard/00.3_Ссылки/PaxHeader/01_10004141_Границы работ.dwg",214,"178 pa","not_recognized_as_dwg","rejected_before_conversion"
"Пилотный проект 20 улиц/18. Кустанайская улица/Исходные данные/05_10004141_Генплан_Кустанайская ул. - Standard/00.3_Ссылки/PaxHeader/03_10004141_Проектные решения.dwg",252,"186 pa","not_recognized_as_dwg","rejected_before_conversion"
"Пилотный проект 20 улиц/18. Кустанайская улица/Исходные данные/05_10004141_Генплан_Кустанайская ул. - Standard/00.3_Ссылки/PaxHeader/04_10004141_ИОТ1.dwg",225,"160 pa","not_recognized_as_dwg","rejected_before_conversion"
"Пилотный проект 20 улиц/18. Кустанайская улица/Исходные данные/05_10004141_Генплан_Кустанайская ул. - Standard/00.3_Ссылки/PaxHeader/ИОТ2.dwg",184,"148 pa","not_recognized_as_dwg","rejected_before_conversion"
"Пилотный проект 20 улиц/18. Кустанайская улица/Исходные данные/05_10004141_Генплан_Кустанайская ул. - Standard/00.3_Ссылки/ИОТ2.dwg",477493,"AC1032","R2018-R2025","target_ac1032"
"Пилотный проект 20 улиц/18. Кустанайская улица/Исходные данные/05_10004141_Генплан_Кустанайская ул. - Standard/05_10004141_Генплан.dwg",8391230,"AC1032","R2018-R2025","target_ac1032"
"Пилотный проект 20 улиц/18. Кустанайская улица/Исходные данные/05_10004141_Генплан_Кустанайская ул. - Standard/PaxHeader/05_10004141_Генплан.dwg",215,"149 pa","not_recognized_as_dwg","rejected_before_conversion"
"Пилотный проект 20 улиц/19. 2-я прядильная/04_10001899-АПОТ_2-я Прядильная (дендроплан).dwg",4071123,"AC1032","R2018-R2025","target_ac1032"
"Пилотный проект 20 улиц/19. 2-я прядильная/04_10001899-АПОТ_2-я Прядильная ул_кор ДПиООС 22.04.26_дубль..dwg",5480002,"AC1032","R2018-R2025","target_ac1032"
"Пилотный проект 20 улиц/19. 2-я прядильная/Исходные данные/000252_2026_2-я Прядильная/(18-34-50_18.06.2026)ИП_2-я Прядильная ул.dwg",1082280,"AC1032","R2018-R2025","target_ac1032"
"Пилотный проект 20 улиц/19. 2-я прядильная/Исходные данные/000252_2026_2-я Прядильная/10001899_2-я Прядильная ул/04_ГЧ_10001899_АПОТ ГЕО+Границы работ.dwg",16155484,"AC1032","R2018-R2025","target_ac1032"
"Пилотный проект 20 улиц/19. 2-я прядильная/Исходные данные/000252_2026_2-я Прядильная/ИП_2-я Прядильная ул (06.07.2026).dwg",920554,"AC1027","R2013-R2017","candidate_same_or_newer_dxf"
"Пилотный проект 20 улиц/19. 2-я прядильная/Исходные данные/04_10001899-АПОТ-ГЧ - Standard (1)/04_10001899-АПОТ-ГЧ.dwg",4464993,"AC1032","R2018-R2025","target_ac1032"
"Пилотный проект 20 улиц/19. 2-я прядильная/Исходные данные/04_10001899-АПОТ-ГЧ - Standard (1)/ИГДИ/XREF_ИГДИ_1-я Прядильная.dwg",2751975,"AC1032","R2018-R2025","target_ac1032"
"Пилотный проект 20 улиц/19. 2-я прядильная/Исходные данные/04_10001899-АПОТ-ГЧ - Standard (1)/ИГДИ/XREF_ИГДИ_2-я Прядильная.dwg",6001355,"AC1032","R2018-R2025","target_ac1032"
"Пилотный проект 20 улиц/19. 2-я прядильная/Исходные данные/04_10001899-АПОТ-ГЧ - Standard (1)/ИГДИ/XREF_ИГДИ_3-я Парковая.dwg",515698,"AC1032","R2018-R2025","target_ac1032"
"Пилотный проект 20 улиц/19. 2-я прядильная/Исходные данные/04_10001899-АПОТ-ГЧ - Standard (1)/ИОТ1/XREF_ИОТ1_2я Прядильная.dwg",1036475,"AC1032","R2018-R2025","target_ac1032"
"Пилотный проект 20 улиц/19. 2-я прядильная/Исходные данные/04_10001899-АПОТ-ГЧ - Standard (1)/ИОТ2/XREF_ИОТ2_2я Прядильная.dwg",994375,"AC1032","R2018-R2025","target_ac1032"
"Пилотный проект 20 улиц/2. Песчаный переулок/Генеральный план редформат/01-25-ДВ-САО-10002401-АПОТ.2. Генеральный план. М1-500 (Совмещен с разбивочным планом и планом покрытий).dwg",2927057,"AC1027","R2013-R2017","candidate_same_or_newer_dxf"
"Пилотный проект 20 улиц/2. Песчаный переулок/Генеральный план редформат/Xrefs/55_Трасса сущ. ЛСС ПАО МГТС.dwg",221252,"AC1027","R2013-R2017","candidate_same_or_newer_dxf"
"Пилотный проект 20 улиц/2. Песчаный переулок/Генеральный план редформат/Xrefs/output_1-3__3_ДЖКХ-25_02794kl.dwg",799609,"AC1027","R2013-R2017","candidate_same_or_newer_dxf"
"Пилотный проект 20 улиц/2. Песчаный переулок/Генеральный план редформат/Xrefs/output_1-3__3_ДЖКХ-25_02794pp.dwg",56224,"AC1021","R2007","candidate_same_or_newer_dxf"
"Пилотный проект 20 улиц/2. Песчаный переулок/Генеральный план редформат/Xrefs/output_1-3__3_ДЖКХ-25_02794tp.dwg",1797536,"AC1021","R2007","candidate_same_or_newer_dxf"
"Пилотный проект 20 улиц/2. Песчаный переулок/Генеральный план редформат/Xrefs/output_1-3__3_ДЖКХ-25_02794up.dwg",675200,"AC1021","R2007","candidate_same_or_newer_dxf"
"Пилотный проект 20 улиц/2. Песчаный переулок/Генеральный план редформат/Xrefs/output_1-3__brd.dwg",53184,"AC1021","R2007","candidate_same_or_newer_dxf"
"Пилотный проект 20 улиц/2. Песчаный переулок/Генеральный план редформат/Xrefs/output_1-5__3_ДЖКХ-25_00752kl.dwg",504915,"AC1027","R2013-R2017","candidate_same_or_newer_dxf"
"Пилотный проект 20 улиц/2. Песчаный переулок/Генеральный план редформат/Xrefs/output_1-5__3_ДЖКХ-25_00752pp.dwg",45152,"AC1021","R2007","candidate_same_or_newer_dxf"
"Пилотный проект 20 улиц/2. Песчаный переулок/Генеральный план редформат/Xrefs/output_1-5__3_ДЖКХ-25_00752tp.dwg",1362208,"AC1021","R2007","candidate_same_or_newer_dxf"
"Пилотный проект 20 улиц/2. Песчаный переулок/Генеральный план редформат/Xrefs/output_1-5__3_ДЖКХ-25_00752up.dwg",778592,"AC1021","R2007","candidate_same_or_newer_dxf"
"Пилотный проект 20 улиц/2. Песчаный переулок/Генеральный план редформат/Xrefs/output_1-5__brd.dwg",59200,"AC1021","R2007","candidate_same_or_newer_dxf"
"Пилотный проект 20 улиц/2. Песчаный переулок/Генеральный план редформат/Xrefs/output_1__3_ДЖКХ-25_02794_1kl.dwg",41056,"AC1021","R2007","candidate_same_or_newer_dxf"
"Пилотный проект 20 улиц/2. Песчаный переулок/Генеральный план редформат/Xrefs/output_1__3_ДЖКХ-25_02794_1tp.dwg",86208,"AC1021","R2007","candidate_same_or_newer_dxf"
"Пилотный проект 20 улиц/2. Песчаный переулок/Генеральный план редформат/Xrefs/output_1__3_ДЖКХ-25_02794_1up.dwg",65568,"AC1021","R2007","candidate_same_or_newer_dxf"
"Пилотный проект 20 улиц/2. Песчаный переулок/Генеральный план редформат/Xrefs/output_1__brd.dwg",45408,"AC1021","R2007","candidate_same_or_newer_dxf"
"Пилотный проект 20 улиц/2. Песчаный переулок/Генеральный план редформат/Xrefs/output_2__3_ДЖКХ-25_02794_1kl.dwg",45920,"AC1021","R2007","candidate_same_or_newer_dxf"
"Пилотный проект 20 улиц/2. Песчаный переулок/Генеральный план редформат/Xrefs/output_2__3_ДЖКХ-25_02794_1tp.dwg",46688,"AC1021","R2007","candidate_same_or_newer_dxf"
"Пилотный проект 20 улиц/2. Песчаный переулок/Генеральный план редформат/Xrefs/output_2__3_ДЖКХ-25_02794_1up.dwg",46912,"AC1021","R2007","candidate_same_or_newer_dxf"
"Пилотный проект 20 улиц/2. Песчаный переулок/Генеральный план редформат/Xrefs/output_2__brd.dwg",44640,"AC1021","R2007","candidate_same_or_newer_dxf"
"Пилотный проект 20 улиц/2. Песчаный переулок/Генеральный план редформат/Xrefs/xref192364.dwg",381024,"AC1021","R2007","candidate_same_or_newer_dxf"
"Пилотный проект 20 улиц/2. Песчаный переулок/Генеральный план редформат/Xrefs/xref196297.dwg",506151,"AC1027","R2013-R2017","candidate_same_or_newer_dxf"
"Пилотный проект 20 улиц/2. Песчаный переулок/Генеральный план редформат/Xrefs/xref196484.dwg",264818,"AC1027","R2013-R2017","candidate_same_or_newer_dxf"
"Пилотный проект 20 улиц/2. Песчаный переулок/Генеральный план редформат/Xrefs/xref196487.dwg",345450,"AC1027","R2013-R2017","candidate_same_or_newer_dxf"
"Пилотный проект 20 улиц/2. Песчаный переулок/Генеральный план редформат/Xrefs/xref196644.dwg",290426,"AC1027","R2013-R2017","candidate_same_or_newer_dxf"
"Пилотный проект 20 улиц/2. Песчаный переулок/Генеральный план редформат/Xrefs/xref197578.dwg",82898,"AC1027","R2013-R2017","candidate_same_or_newer_dxf"
"Пилотный проект 20 улиц/2. Песчаный переулок/Генеральный план редформат/Xrefs/xref197606.dwg",78296,"AC1027","R2013-R2017","candidate_same_or_newer_dxf"
"Пилотный проект 20 улиц/2. Песчаный переулок/Генеральный план редформат/Xrefs/xref197639.dwg",76600,"AC1027","R2013-R2017","candidate_same_or_newer_dxf"
"Пилотный проект 20 улиц/2. Песчаный переулок/Генеральный план редформат/Xrefs/xref197667.dwg",98019,"AC1027","R2013-R2017","candidate_same_or_newer_dxf"
"Пилотный проект 20 улиц/2. Песчаный переулок/Генеральный план редформат/Xrefs/Освещение.dwg",172466,"AC1027","R2013-R2017","candidate_same_or_newer_dxf"
"Пилотный проект 20 улиц/2. Песчаный переулок/Проектное решение /DWG/10002401_Песчаный переулок/xref196297.dwg",496266,"AC1027","R2013-R2017","candidate_same_or_newer_dxf"
"Пилотный проект 20 улиц/2. Песчаный переулок/Проектное решение /DWG/ГР_Песчаный переулок.dwg",2380020,"AC1032","R2018-R2025","target_ac1032"
"Пилотный проект 20 улиц/20. Макеева С. ул/Исходные данные/Генплан/10001121 - Standard/10001121.dwg",8851213,"AC1032","R2018-R2025","target_ac1032"
"Пилотный проект 20 улиц/20. Макеева С. ул/Исходные данные/Генплан/10001121 - Standard/xref/xref_БУ_Макеева С. ул.dwg",5771845,"AC1032","R2018-R2025","target_ac1032"
"Пилотный проект 20 улиц/20. Макеева С. ул/Исходные данные/Генплан/10001121 - Standard/xref/xref_ВП_Макеева С. ул.dwg",190748,"AC1032","R2018-R2025","target_ac1032"
"Пилотный проект 20 улиц/20. Макеева С. ул/Исходные данные/Генплан/10001121 - Standard/xref/xref_ИТП/brd_Макеева С. ул.dwg",85992,"AC1032","R2018-R2025","target_ac1032"
"Пилотный проект 20 улиц/20. Макеева С. ул/Исходные данные/Генплан/10001121 - Standard/xref/xref_ИТП/kl_Макеева С. ул.dwg",5140416,"AC1032","R2018-R2025","target_ac1032"
"Пилотный проект 20 улиц/20. Макеева С. ул/Исходные данные/Генплан/10001121 - Standard/xref/xref_ИТП/pp_Макеева С. ул.dwg",115818,"AC1032","R2018-R2025","target_ac1032"
"Пилотный проект 20 улиц/20. Макеева С. ул/Исходные данные/Генплан/10001121 - Standard/xref/xref_ИТП/tp_Макеева С. ул.dwg",7080445,"AC1032","R2018-R2025","target_ac1032"
"Пилотный проект 20 улиц/20. Макеева С. ул/Исходные данные/Генплан/10001121 - Standard/xref/xref_ИТП/up_Макеева С. ул.dwg",6341777,"AC1032","R2018-R2025","target_ac1032"
"Пилотный проект 20 улиц/20. Макеева С. ул/Исходные данные/Генплан/10001121 - Standard/xref/xref_ИТП_Макеева С. ул.dwg",84023,"AC1032","R2018-R2025","target_ac1032"
"Пилотный проект 20 улиц/20. Макеева С. ул/Исходные данные/Генплан/10001121 - Standard/xref/xref_ОДД_Макеева С. ул.dwg",6249794,"AC1032","R2018-R2025","target_ac1032"
"Пилотный проект 20 улиц/20. Макеева С. ул/Исходные данные/Генплан/10001121 - Standard/xref/xref_ОДД_Сущ_Макеева С. ул.dwg",1467151,"AC1032","R2018-R2025","target_ac1032"
"Пилотный проект 20 улиц/20. Макеева С. ул/Исходные данные/Генплан/10001121 - Standard/xref/xref_ОДИ_Макеева С. ул.dwg",151076,"AC1032","R2018-R2025","target_ac1032"
"Пилотный проект 20 улиц/20. Макеева С. ул/Исходные данные/Генплан/10001121 - Standard/xref/xref_ОЛХ_Макеева С. ул.dwg",5089397,"AC1032","R2018-R2025","target_ac1032"
"Пилотный проект 20 улиц/20. Макеева С. ул/Исходные данные/Генплан/10001121 - Standard/xref/xref_ПОС_Макеева С. ул.dwg",108732,"AC1032","R2018-R2025","target_ac1032"
"Пилотный проект 20 улиц/20. Макеева С. ул/Исходные данные/Генплан/10001121 - Standard/xref/xref_ЭН_Макеева С. ул.dwg",5121455,"AC1032","R2018-R2025","target_ac1032"
"Пилотный проект 20 улиц/20. Макеева С. ул/Исходные данные/Генплан/10001121 - Standard/xref/xref_граница_Макеева С. ул.dwg",88116,"AC1032","R2018-R2025","target_ac1032"
"Пилотный проект 20 улиц/20. Макеева С. ул/Исходные данные/Дендрологические изыскания/000092-2026_Макеева С. ул/ИП_Макеева С. ул/ИП_Макеева С. ул.dwg",17133553,"AC1032","R2018-R2025","target_ac1032"
"Пилотный проект 20 улиц/20. Макеева С. ул/Проектное решение/ГР_Макеева/xref_geo.dwg",8750482,"AC1032","R2018-R2025","target_ac1032"
"Пилотный проект 20 улиц/20. Макеева С. ул/Проектное решение/ГР_Макеева/xref_БУ_Макеева С. ул.dwg",7145797,"AC1032","R2018-R2025","target_ac1032"
"Пилотный проект 20 улиц/20. Макеева С. ул/Проектное решение/ГР_Макеева/xref_ДП.dwg",2735805,"AC1032","R2018-R2025","target_ac1032"
"Пилотный проект 20 улиц/20. Макеева С. ул/Проектное решение/ГР_Макеева/xref_барьер.dwg",2550421,"AC1032","R2018-R2025","target_ac1032"
"Пилотный проект 20 улиц/20. Макеева С. ул/Проектное решение/ГР_Макеева/xref_граница.dwg",6405140,"AC1032","R2018-R2025","target_ac1032"
"Пилотный проект 20 улиц/20. Макеева С. ул/Проектное решение/ГР_Макеева/xref_растительность.dwg",6800915,"AC1032","R2018-R2025","target_ac1032"
"Пилотный проект 20 улиц/20. Макеева С. ул/Проектное решение/ГР_Макеева/ГР_Макеева.dwg",9396406,"AC1032","R2018-R2025","target_ac1032"
"Пилотный проект 20 улиц/3. 3-я Парковая/Исходные данные/10001759_3-я Парковая ул/00_Ссылки/01_Границы работ.dwg",97235,"AC1032","R2018-R2025","target_ac1032"
"Пилотный проект 20 улиц/3. 3-я Парковая/Исходные данные/10001759_3-я Парковая ул/00_Ссылки/10001759 НО 3-я Парковая ул.dwg",1833008,"AC1032","R2018-R2025","target_ac1032"
"Пилотный проект 20 улиц/3. 3-я Парковая/Исходные данные/10001759_3-я Парковая ул/00_Ссылки/20. 10001759 НО 3-я Парковая ул.dwg",892867,"AC1032","R2018-R2025","target_ac1032"
"Пилотный проект 20 улиц/3. 3-я Парковая/Исходные данные/10001759_3-я Парковая ул/00_Ссылки/3_ДЖКХ-25_02294.dwg",23245469,"AC1032","R2018-R2025","target_ac1032"
"Пилотный проект 20 улиц/3. 3-я Парковая/Исходные данные/10001759_3-я Парковая ул/00_Ссылки/3ДЖКХпр-25_02294.dwg",17380924,"AC1032","R2018-R2025","target_ac1032"
"Пилотный проект 20 улиц/3. 3-я Парковая/Исходные данные/10001759_3-я Парковая ул/00_Ссылки/АСУ ОДХ/117861691400001.dwg",1259527,"AC1032","R2018-R2025","target_ac1032"
"Пилотный проект 20 улиц/3. 3-я Парковая/Исходные данные/10001759_3-я Парковая ул/00_Ссылки/смежные объекты/3ДЖКХпр-25_02294_Сиреневый бульвар.dwg",621198,"AC1032","R2018-R2025","target_ac1032"
"Пилотный проект 20 улиц/3. 3-я Парковая/Исходные данные/10001759_3-я Парковая ул/00_Ссылки/смежные объекты/Заводский_пр_3_ДЖКХ-24_02793.dwg",9711426,"AC1032","R2018-R2025","target_ac1032"
"Пилотный проект 20 улиц/3. 3-я Парковая/Исходные данные/10001759_3-я Парковая ул/02_АПОТ/01-25-ДВ-ВАО-10001759-АПОТ.dwg",26293408,"AC1032","R2018-R2025","target_ac1032"
"Пилотный проект 20 улиц/3. 3-я Парковая/Исходные данные/10001759_3-я Парковая ул/Дендроплан+ПВ/ИП_3-я Парковая/ИП_3-я Парковая.dwg",982935,"AC1032","R2018-R2025","target_ac1032"
"Пилотный проект 20 улиц/3. 3-я Парковая/Исходные данные/10001759_3-я Парковая ул/Дендроплан+ПВ/ИП_3-я Парковая/От заказчика/01-25-ДВ-ВАО-10001759-АПОТ ГЕО+Границы работ.dwg",48346437,"AC1032","R2018-R2025","target_ac1032"
"Пилотный проект 20 улиц/3. 3-я Парковая/Исходные данные/Вн.ссылки/01-25-ДВ-ВАО-10001759-АПОТ.dwg",29634387,"AC1032","R2018-R2025","target_ac1032"
"Пилотный проект 20 улиц/3. 3-я Парковая/Исходные данные/Вн.ссылки/01_Границы работ.dwg",97235,"AC1032","R2018-R2025","target_ac1032"
"Пилотный проект 20 улиц/3. 3-я Парковая/Исходные данные/Вн.ссылки/20. 10001759 НО 3-я Парковая ул.dwg",892867,"AC1032","R2018-R2025","target_ac1032"
"Пилотный проект 20 улиц/3. 3-я Парковая/Исходные данные/Вн.ссылки/3_ДЖКХ-25_02294.dwg",23245469,"AC1032","R2018-R2025","target_ac1032"
"Пилотный проект 20 улиц/3. 3-я Парковая/Исходные данные/Вн.ссылки/3ДЖКХпр-25_02294.dwg",17380924,"AC1032","R2018-R2025","target_ac1032"
"Пилотный проект 20 улиц/3. 3-я Парковая/Исходные данные/Вн.ссылки/ИП_3-я Парковая.dwg",1045838,"AC1032","R2018-R2025","target_ac1032"
"Пилотный проект 20 улиц/3. 3-я Парковая/Исходные данные/Вн.ссылки/смежные объекты/3ДЖКХпр-25_02294_Сиреневый бульвар.dwg",621198,"AC1032","R2018-R2025","target_ac1032"
"Пилотный проект 20 улиц/3. 3-я Парковая/Исходные данные/Вн.ссылки/смежные объекты/XREF_ИГДИ_1-я Прядильная.dwg",3577315,"AC1032","R2018-R2025","target_ac1032"
"Пилотный проект 20 улиц/3. 3-я Парковая/Исходные данные/Вн.ссылки/смежные объекты/Гео_Первомайская.dwg",13407253,"AC1032","R2018-R2025","target_ac1032"
"Пилотный проект 20 улиц/3. 3-я Парковая/Исходные данные/Вн.ссылки/смежные объекты/Заводский_пр_3_ДЖКХ-24_02793.dwg",9711426,"AC1032","R2018-R2025","target_ac1032"
"Пилотный проект 20 улиц/3. 3-я Парковая/Проектное решение/DWG/01_25_ДВ_ВАО_10001759_АПОТ_с_удаляемыми_деревьями (2).dwg",28260668,"AC1027","R2013-R2017","candidate_same_or_newer_dxf"
"Пилотный проект 20 улиц/4. Харьковская улица/Исходные данные/Генплан Харьковская/Внешние ссылки/Гео/3ДЖКХ-24_02404/output[1-11].dwg",23577545,"AC1015","R2000","candidate_same_or_newer_dxf"
"Пилотный проект 20 улиц/4. Харьковская улица/Исходные данные/Генплан Харьковская/Внешние ссылки/Гео/3ДЖКХ-24_02404/output[1-11]_3_ДЖКХ-24_02404kl.dwg",1740937,"AC1024","R2010","candidate_same_or_newer_dxf"
"Пилотный проект 20 улиц/4. Харьковская улица/Исходные данные/Генплан Харьковская/Внешние ссылки/Гео/3ДЖКХ-24_02404/output[1-11]_3_ДЖКХ-24_02404pp.dwg",121756,"AC1024","R2010","candidate_same_or_newer_dxf"
"Пилотный проект 20 улиц/4. Харьковская улица/Исходные данные/Генплан Харьковская/Внешние ссылки/Гео/3ДЖКХ-24_02404/output[1-11]_3_ДЖКХ-24_02404tp.dwg",5743442,"AC1024","R2010","candidate_same_or_newer_dxf"
"Пилотный проект 20 улиц/4. Харьковская улица/Исходные данные/Генплан Харьковская/Внешние ссылки/Гео/3ДЖКХ-24_02404/output[1-11]_3_ДЖКХ-24_02404up.dwg",2897072,"AC1024","R2010","candidate_same_or_newer_dxf"
"Пилотный проект 20 улиц/4. Харьковская улица/Исходные данные/Генплан Харьковская/Внешние ссылки/Гео/3ДЖКХ-24_02404/output[1-11]_brd.dwg",109030,"AC1024","R2010","candidate_same_or_newer_dxf"
"Пилотный проект 20 улиц/4. Харьковская улица/Исходные данные/Генплан Харьковская/Внешние ссылки/Гео/3ДЖКХ-24_02404/output[1-11]_edge001.dwg",1254104,"AC1015","R2000","candidate_same_or_newer_dxf"
"Пилотный проект 20 улиц/4. Харьковская улица/Исходные данные/Генплан Харьковская/Внешние ссылки/Гео/3ДЖКХ-24_02404/output[1-11]_edge002.dwg",1254436,"AC1015","R2000","candidate_same_or_newer_dxf"
"Пилотный проект 20 улиц/4. Харьковская улица/Исходные данные/Генплан Харьковская/Внешние ссылки/Гео/3ДЖКХ-24_02404/output[1-11]_edge003.dwg",1254443,"AC1015","R2000","candidate_same_or_newer_dxf"
"Пилотный проект 20 улиц/4. Харьковская улица/Исходные данные/Генплан Харьковская/Внешние ссылки/Гео/3ДЖКХ-24_02404/output[1-11]_edge004.dwg",1254492,"AC1015","R2000","candidate_same_or_newer_dxf"
"Пилотный проект 20 улиц/4. Харьковская улица/Исходные данные/Генплан Харьковская/Внешние ссылки/Гео/3ДЖКХ-24_02404/output[1-11]_edge005.dwg",1254426,"AC1015","R2000","candidate_same_or_newer_dxf"
"Пилотный проект 20 улиц/4. Харьковская улица/Исходные данные/Генплан Харьковская/Внешние ссылки/Гео/3ДЖКХ-24_02404/output[1-11]_edge006.dwg",1254077,"AC1015","R2000","candidate_same_or_newer_dxf"
"Пилотный проект 20 улиц/4. Харьковская улица/Исходные данные/Генплан Харьковская/Внешние ссылки/Гео/3ДЖКХ-24_02404/output[1-11]_edge007.dwg",1254078,"AC1015","R2000","candidate_same_or_newer_dxf"
"Пилотный проект 20 улиц/4. Харьковская улица/Исходные данные/Генплан Харьковская/Внешние ссылки/Гео/3ДЖКХ-24_02404/output[1-11]_edge008.dwg",1253995,"AC1015","R2000","candidate_same_or_newer_dxf"
"Пилотный проект 20 улиц/4. Харьковская улица/Исходные данные/Генплан Харьковская/Внешние ссылки/Гео/3ДЖКХ-24_02404/output[1-11]_edge009.dwg",1254560,"AC1015","R2000","candidate_same_or_newer_dxf"
"Пилотный проект 20 улиц/4. Харьковская улица/Исходные данные/Генплан Харьковская/Внешние ссылки/Гео/3ДЖКХ-24_02404/output[1-11]_edge010.dwg",1254576,"AC1015","R2000","candidate_same_or_newer_dxf"
"Пилотный проект 20 улиц/4. Харьковская улица/Исходные данные/Генплан Харьковская/Внешние ссылки/Гео/3ДЖКХ-24_02404/output[1-11]_edge011.dwg",1254830,"AC1015","R2000","candidate_same_or_newer_dxf"
"Пилотный проект 20 улиц/4. Харьковская улица/Исходные данные/Генплан Харьковская/Внешние ссылки/Гео/3ДЖКХ-24_02404_1/output[2-3]_3_ДЖКХ-24_02404_1kl.dwg",361296,"AC1024","R2010","candidate_same_or_newer_dxf"
"Пилотный проект 20 улиц/4. Харьковская улица/Исходные данные/Генплан Харьковская/Внешние ссылки/Гео/3ДЖКХ-24_02404_1/output[2-3]_3_ДЖКХ-24_02404_1tp.dwg",418721,"AC1024","R2010","candidate_same_or_newer_dxf"
"Пилотный проект 20 улиц/4. Харьковская улица/Исходные данные/Генплан Харьковская/Внешние ссылки/Гео/3ДЖКХ-24_02404_1/output[2-3]_3_ДЖКХ-24_02404_1up.dwg",1113365,"AC1024","R2010","candidate_same_or_newer_dxf"
"Пилотный проект 20 улиц/4. Харьковская улица/Исходные данные/Генплан Харьковская/Внешние ссылки/Гео/3ДЖКХ-24_02404_1/output[2-3]_brd.dwg",74473,"AC1024","R2010","candidate_same_or_newer_dxf"
"Пилотный проект 20 улиц/4. Харьковская улица/Исходные данные/Генплан Харьковская/Внешние ссылки/Гео/3ДЖКХ-24_02404_1/output[2-3]_edge002.dwg",1252272,"AC1015","R2000","candidate_same_or_newer_dxf"
"Пилотный проект 20 улиц/4. Харьковская улица/Исходные данные/Генплан Харьковская/Внешние ссылки/Гео/3ДЖКХ-24_02404_1/output[2-3]_edge003.dwg",1252591,"AC1015","R2000","candidate_same_or_newer_dxf"
"Пилотный проект 20 улиц/4. Харьковская улица/Исходные данные/Генплан Харьковская/Внешние ссылки/Гео/3ДЖКХпр-25_00577_1/output[1]_3_ДЖКХпр-25_00577_1kl.dwg",129801,"AC1024","R2010","candidate_same_or_newer_dxf"
"Пилотный проект 20 улиц/4. Харьковская улица/Исходные данные/Генплан Харьковская/Внешние ссылки/Гео/3ДЖКХпр-25_00577_1/output[1]_3_ДЖКХпр-25_00577_1tp.dwg",374122,"AC1024","R2010","candidate_same_or_newer_dxf"
"Пилотный проект 20 улиц/4. Харьковская улица/Исходные данные/Генплан Харьковская/Внешние ссылки/Гео/3ДЖКХпр-25_00577_1/output[1]_3_ДЖКХпр-25_00577_1up.dwg",88488,"AC1024","R2010","candidate_same_or_newer_dxf"
"Пилотный проект 20 улиц/4. Харьковская улица/Исходные данные/Генплан Харьковская/Внешние ссылки/Гео/3ДЖКХпр-25_00577_1/output[1]_brd.dwg",67053,"AC1024","R2010","candidate_same_or_newer_dxf"
"Пилотный проект 20 улиц/4. Харьковская улица/Исходные данные/Генплан Харьковская/Внешние ссылки/Гео/3ДЖКХпр-25_00577_1/output[1]_edge001.dwg",1249656,"AC1015","R2000","candidate_same_or_newer_dxf"
"Пилотный проект 20 улиц/4. Харьковская улица/Исходные данные/Генплан Харьковская/Внешние ссылки/Гео/3ДЖКХпр-25_00577_1/output[2]_3_ДЖКХпр-25_00577_1kl.dwg",108674,"AC1015","R2000","candidate_same_or_newer_dxf"
"Пилотный проект 20 улиц/4. Харьковская улица/Исходные данные/Генплан Харьковская/Внешние ссылки/Гео/3ДЖКХпр-25_00577_1/output[2]_3_ДЖКХпр-25_00577_1tp.dwg",119095,"AC1024","R2010","candidate_same_or_newer_dxf"
"Пилотный проект 20 улиц/4. Харьковская улица/Исходные данные/Генплан Харьковская/Внешние ссылки/Гео/3ДЖКХпр-25_00577_1/output[2]_3_ДЖКХпр-25_00577_1up.dwg",81425,"AC1024","R2010","candidate_same_or_newer_dxf"
"Пилотный проект 20 улиц/4. Харьковская улица/Исходные данные/Генплан Харьковская/Внешние ссылки/Гео/3ДЖКХпр-25_00577_1/output[2]_brd.dwg",65744,"AC1024","R2010","candidate_same_or_newer_dxf"
"Пилотный проект 20 улиц/4. Харьковская улица/Исходные данные/Генплан Харьковская/Внешние ссылки/Гео/3ДЖКХпр-25_00577_1/output[2]_edge002.dwg",1249533,"AC1015","R2000","candidate_same_or_newer_dxf"
"Пилотный проект 20 улиц/4. Харьковская улица/Исходные данные/Генплан Харьковская/Внешние ссылки/Гео/3ДЖКХпр-25_00627/output[1-6]_3_ДЖКХпр-25_00627kl.dwg",2156741,"AC1024","R2010","candidate_same_or_newer_dxf"
"Пилотный проект 20 улиц/4. Харьковская улица/Исходные данные/Генплан Харьковская/Внешние ссылки/Гео/3ДЖКХпр-25_00627/output[1-6]_3_ДЖКХпр-25_00627pp.dwg",93930,"AC1027","R2013-R2017","candidate_same_or_newer_dxf"
"Пилотный проект 20 улиц/4. Харьковская улица/Исходные данные/Генплан Харьковская/Внешние ссылки/Гео/3ДЖКХпр-25_00627/output[1-6]_3_ДЖКХпр-25_00627tp.dwg",2888684,"AC1027","R2013-R2017","candidate_same_or_newer_dxf"
"Пилотный проект 20 улиц/4. Харьковская улица/Исходные данные/Генплан Харьковская/Внешние ссылки/Гео/3ДЖКХпр-25_00627/output[1-6]_3_ДЖКХпр-25_00627up.dwg",2862319,"AC1027","R2013-R2017","candidate_same_or_newer_dxf"
"Пилотный проект 20 улиц/4. Харьковская улица/Исходные данные/Генплан Харьковская/Внешние ссылки/Гео/3ДЖКХпр-25_00627/output[1-6]_brd.dwg",47034,"AC1027","R2013-R2017","candidate_same_or_newer_dxf"
"Пилотный проект 20 улиц/4. Харьковская улица/Исходные данные/Генплан Харьковская/Внешние ссылки/Гео/3ДЖКХпр-25_00627/output[1-6]_edge001.dwg",1245027,"AC1015","R2000","candidate_same_or_newer_dxf"
"Пилотный проект 20 улиц/4. Харьковская улица/Исходные данные/Генплан Харьковская/Внешние ссылки/Гео/3ДЖКХпр-25_00627/output[1-6]_edge002.dwg",1245352,"AC1015","R2000","candidate_same_or_newer_dxf"
"Пилотный проект 20 улиц/4. Харьковская улица/Исходные данные/Генплан Харьковская/Внешние ссылки/Гео/3ДЖКХпр-25_00627/output[1-6]_edge003.dwg",1245396,"AC1015","R2000","candidate_same_or_newer_dxf"
"Пилотный проект 20 улиц/4. Харьковская улица/Исходные данные/Генплан Харьковская/Внешние ссылки/Гео/3ДЖКХпр-25_00627/output[1-6]_edge004.dwg",1245398,"AC1015","R2000","candidate_same_or_newer_dxf"
"Пилотный проект 20 улиц/4. Харьковская улица/Исходные данные/Генплан Харьковская/Внешние ссылки/Гео/3ДЖКХпр-25_00627/output[1-6]_edge005.dwg",1245669,"AC1015","R2000","candidate_same_or_newer_dxf"
"Пилотный проект 20 улиц/4. Харьковская улица/Исходные данные/Генплан Харьковская/Внешние ссылки/Гео/3ДЖКХпр-25_00627/output[1-6]_edge006.dwg",1245352,"AC1015","R2000","candidate_same_or_newer_dxf"
"Пилотный проект 20 улиц/4. Харьковская улица/Исходные данные/Генплан Харьковская/Внешние ссылки/Гео/output[1-8].dwg",31108150,"AC1015","R2000","candidate_same_or_newer_dxf"
"Пилотный проект 20 улиц/4. Харьковская улица/Исходные данные/Генплан Харьковская/Внешние ссылки/Гео/output[1-8]_3_ДЖКХ-25_00577kl.dwg",4577795,"AC1032","R2018-R2025","target_ac1032"
"Пилотный проект 20 улиц/4. Харьковская улица/Исходные данные/Генплан Харьковская/Внешние ссылки/Гео/output[1-8]_3_ДЖКХ-25_00577pp.dwg",64682,"AC1024","R2010","candidate_same_or_newer_dxf"
"Пилотный проект 20 улиц/4. Харьковская улица/Исходные данные/Генплан Харьковская/Внешние ссылки/Гео/output[1-8]_3_ДЖКХ-25_00577tp.dwg",8012913,"AC1024","R2010","candidate_same_or_newer_dxf"
"Пилотный проект 20 улиц/4. Харьковская улица/Исходные данные/Генплан Харьковская/Внешние ссылки/Гео/output[1-8]_3_ДЖКХ-25_00577up.dwg",7692611,"AC1024","R2010","candidate_same_or_newer_dxf"
"Пилотный проект 20 улиц/4. Харьковская улица/Исходные данные/Генплан Харьковская/Внешние ссылки/Гео/output[1-8]_brd.dwg",93560,"AC1024","R2010","candidate_same_or_newer_dxf"
"Пилотный проект 20 улиц/4. Харьковская улица/Исходные данные/Генплан Харьковская/Внешние ссылки/Гео/output[1-8]_edge001.dwg",1250634,"AC1015","R2000","candidate_same_or_newer_dxf"
"Пилотный проект 20 улиц/4. Харьковская улица/Исходные данные/Генплан Харьковская/Внешние ссылки/Гео/output[1-8]_edge002.dwg",1250934,"AC1015","R2000","candidate_same_or_newer_dxf"
"Пилотный проект 20 улиц/4. Харьковская улица/Исходные данные/Генплан Харьковская/Внешние ссылки/Гео/output[1-8]_edge003.dwg",1250934,"AC1015","R2000","candidate_same_or_newer_dxf"
"Пилотный проект 20 улиц/4. Харьковская улица/Исходные данные/Генплан Харьковская/Внешние ссылки/Гео/output[1-8]_edge004.dwg",1250916,"AC1015","R2000","candidate_same_or_newer_dxf"
"Пилотный проект 20 улиц/4. Харьковская улица/Исходные данные/Генплан Харьковская/Внешние ссылки/Гео/output[1-8]_edge005.dwg",1250933,"AC1015","R2000","candidate_same_or_newer_dxf"
"Пилотный проект 20 улиц/4. Харьковская улица/Исходные данные/Генплан Харьковская/Внешние ссылки/Гео/output[1-8]_edge006.dwg",1250921,"AC1015","R2000","candidate_same_or_newer_dxf"
"Пилотный проект 20 улиц/4. Харьковская улица/Исходные данные/Генплан Харьковская/Внешние ссылки/Гео/output[1-8]_edge007.dwg",1250945,"AC1015","R2000","candidate_same_or_newer_dxf"
"Пилотный проект 20 улиц/4. Харьковская улица/Исходные данные/Генплан Харьковская/Внешние ссылки/Гео/output[1-8]_edge008.dwg",1250929,"AC1015","R2000","candidate_same_or_newer_dxf"
"Пилотный проект 20 улиц/4. Харьковская улица/Исходные данные/Генплан Харьковская/Внешние ссылки/Гео/Доп подземка.dwg",58070,"AC1024","R2010","candidate_same_or_newer_dxf"
"Пилотный проект 20 улиц/4. Харьковская улица/Исходные данные/Генплан Харьковская/Внешние ссылки/Гео/Доп топо.dwg",62878,"AC1024","R2010","candidate_same_or_newer_dxf"
"Пилотный проект 20 улиц/4. Харьковская улица/Исходные данные/Генплан Харьковская/Внешние ссылки/Электрика/ИОТ1.dwg",8795797,"AC1024","R2010","candidate_same_or_newer_dxf"
"Пилотный проект 20 улиц/4. Харьковская улица/Исходные данные/Генплан Харьковская/Внешние ссылки/Электрика/ИОТ2.dwg",377516,"AC1024","R2010","candidate_same_or_newer_dxf"
"Пилотный проект 20 улиц/4. Харьковская улица/Исходные данные/Генплан Харьковская/Харьковская АПОТ_2026-01-15.dwg",6640408,"AC1024","R2010","candidate_same_or_newer_dxf"
"Пилотный проект 20 улиц/4. Харьковская улица/Исходные данные/Харьковская_улица_дендроплан_на_СГП/04_Дендроплан на СГП.dwg",3861162,"AC1032","R2018-R2025","target_ac1032"
"Пилотный проект 20 улиц/4. Харьковская улица/Исходные данные/Харьковская_улица_дендроплан_на_СГП/Внешние ссылки/Гео/3ДЖКХ-24_02404/output[1-11]_3_ДЖКХ-24_02404kl.dwg",1741629,"AC1024","R2010","candidate_same_or_newer_dxf"
"Пилотный проект 20 улиц/4. Харьковская улица/Исходные данные/Харьковская_улица_дендроплан_на_СГП/Внешние ссылки/Гео/3ДЖКХ-24_02404/output[1-11]_3_ДЖКХ-24_02404pp.dwg",119516,"AC1024","R2010","candidate_same_or_newer_dxf"
"Пилотный проект 20 улиц/4. Харьковская улица/Исходные данные/Харьковская_улица_дендроплан_на_СГП/Внешние ссылки/Гео/3ДЖКХ-24_02404/output[1-11]_3_ДЖКХ-24_02404tp.dwg",5741749,"AC1024","R2010","candidate_same_or_newer_dxf"
"Пилотный проект 20 улиц/4. Харьковская улица/Исходные данные/Харьковская_улица_дендроплан_на_СГП/Внешние ссылки/Гео/3ДЖКХ-24_02404/output[1-11]_3_ДЖКХ-24_02404up.dwg",2889928,"AC1024","R2010","candidate_same_or_newer_dxf"
"Пилотный проект 20 улиц/4. Харьковская улица/Исходные данные/Харьковская_улица_дендроплан_на_СГП/Внешние ссылки/Гео/3ДЖКХ-24_02404/output[1-11]_brd.dwg",106818,"AC1024","R2010","candidate_same_or_newer_dxf"
"Пилотный проект 20 улиц/4. Харьковская улица/Исходные данные/Харьковская_улица_дендроплан_на_СГП/Внешние ссылки/Гео/3ДЖКХ-24_02404/output[1-11]_edge001.dwg",1344241,"AC1015","R2000","candidate_same_or_newer_dxf"
"Пилотный проект 20 улиц/4. Харьковская улица/Исходные данные/Харьковская_улица_дендроплан_на_СГП/Внешние ссылки/Гео/3ДЖКХ-24_02404/output[1-11]_edge002.dwg",1344623,"AC1015","R2000","candidate_same_or_newer_dxf"
"Пилотный проект 20 улиц/4. Харьковская улица/Исходные данные/Харьковская_улица_дендроплан_на_СГП/Внешние ссылки/Гео/3ДЖКХ-24_02404/output[1-11]_edge003.dwg",1344626,"AC1015","R2000","candidate_same_or_newer_dxf"
"Пилотный проект 20 улиц/4. Харьковская улица/Исходные данные/Харьковская_улица_дендроплан_на_СГП/Внешние ссылки/Гео/3ДЖКХ-24_02404/output[1-11]_edge004.dwg",1344660,"AC1015","R2000","candidate_same_or_newer_dxf"
"Пилотный проект 20 улиц/4. Харьковская улица/Исходные данные/Харьковская_улица_дендроплан_на_СГП/Внешние ссылки/Гео/3ДЖКХ-24_02404/output[1-11]_edge005.dwg",1344625,"AC1015","R2000","candidate_same_or_newer_dxf"
"Пилотный проект 20 улиц/4. Харьковская улица/Исходные данные/Харьковская_улица_дендроплан_на_СГП/Внешние ссылки/Гео/3ДЖКХ-24_02404/output[1-11]_edge006.dwg",1344655,"AC1015","R2000","candidate_same_or_newer_dxf"
"Пилотный проект 20 улиц/4. Харьковская улица/Исходные данные/Харьковская_улица_дендроплан_на_СГП/Внешние ссылки/Гео/3ДЖКХ-24_02404/output[1-11]_edge007.dwg",1344653,"AC1015","R2000","candidate_same_or_newer_dxf"
"Пилотный проект 20 улиц/4. Харьковская улица/Исходные данные/Харьковская_улица_дендроплан_на_СГП/Внешние ссылки/Гео/3ДЖКХ-24_02404/output[1-11]_edge008.dwg",1344512,"AC1015","R2000","candidate_same_or_newer_dxf"
"Пилотный проект 20 улиц/4. Харьковская улица/Исходные данные/Харьковская_улица_дендроплан_на_СГП/Внешние ссылки/Гео/3ДЖКХ-24_02404/output[1-11]_edge009.dwg",1345077,"AC1015","R2000","candidate_same_or_newer_dxf"
"Пилотный проект 20 улиц/4. Харьковская улица/Исходные данные/Харьковская_улица_дендроплан_на_СГП/Внешние ссылки/Гео/3ДЖКХ-24_02404/output[1-11]_edge010.dwg",1345085,"AC1015","R2000","candidate_same_or_newer_dxf"
"Пилотный проект 20 улиц/4. Харьковская улица/Исходные данные/Харьковская_улица_дендроплан_на_СГП/Внешние ссылки/Гео/3ДЖКХ-24_02404/output[1-11]_edge011.dwg",1345325,"AC1015","R2000","candidate_same_or_newer_dxf"
"Пилотный проект 20 улиц/4. Харьковская улица/Исходные данные/Харьковская_улица_дендроплан_на_СГП/Внешние ссылки/Гео/3ДЖКХ-24_02404_1/output[2-3]_3_ДЖКХ-24_02404_1kl.dwg",358887,"AC1024","R2010","candidate_same_or_newer_dxf"
"Пилотный проект 20 улиц/4. Харьковская улица/Исходные данные/Харьковская_улица_дендроплан_на_СГП/Внешние ссылки/Гео/3ДЖКХ-24_02404_1/output[2-3]_3_ДЖКХ-24_02404_1tp.dwg",415937,"AC1024","R2010","candidate_same_or_newer_dxf"
"Пилотный проект 20 улиц/4. Харьковская улица/Исходные данные/Харьковская_улица_дендроплан_на_СГП/Внешние ссылки/Гео/3ДЖКХ-24_02404_1/output[2-3]_3_ДЖКХ-24_02404_1up.dwg",1109683,"AC1024","R2010","candidate_same_or_newer_dxf"
"Пилотный проект 20 улиц/4. Харьковская улица/Исходные данные/Харьковская_улица_дендроплан_на_СГП/Внешние ссылки/Гео/3ДЖКХ-24_02404_1/output[2-3]_brd.dwg",73358,"AC1024","R2010","candidate_same_or_newer_dxf"
"Пилотный проект 20 улиц/4. Харьковская улица/Исходные данные/Харьковская_улица_дендроплан_на_СГП/Внешние ссылки/Гео/3ДЖКХ-24_02404_1/output[2-3]_edge002.dwg",1342496,"AC1015","R2000","candidate_same_or_newer_dxf"
"Пилотный проект 20 улиц/4. Харьковская улица/Исходные данные/Харьковская_улица_дендроплан_на_СГП/Внешние ссылки/Гео/3ДЖКХ-24_02404_1/output[2-3]_edge003.dwg",1342791,"AC1015","R2000","candidate_same_or_newer_dxf"
"Пилотный проект 20 улиц/4. Харьковская улица/Исходные данные/Харьковская_улица_дендроплан_на_СГП/Внешние ссылки/Гео/3ДЖКХпр-25_00577_1/output[1]_3_ДЖКХпр-25_00577_1kl.dwg",138180,"AC1024","R2010","candidate_same_or_newer_dxf"
"Пилотный проект 20 улиц/4. Харьковская улица/Исходные данные/Харьковская_улица_дендроплан_на_СГП/Внешние ссылки/Гео/3ДЖКХпр-25_00577_1/output[1]_3_ДЖКХпр-25_00577_1tp.dwg",372873,"AC1024","R2010","candidate_same_or_newer_dxf"
"Пилотный проект 20 улиц/4. Харьковская улица/Исходные данные/Харьковская_улица_дендроплан_на_СГП/Внешние ссылки/Гео/3ДЖКХпр-25_00577_1/output[1]_3_ДЖКХпр-25_00577_1up.dwg",86834,"AC1024","R2010","candidate_same_or_newer_dxf"
"Пилотный проект 20 улиц/4. Харьковская улица/Исходные данные/Харьковская_улица_дендроплан_на_СГП/Внешние ссылки/Гео/3ДЖКХпр-25_00577_1/output[1]_brd.dwg",64650,"AC1024","R2010","candidate_same_or_newer_dxf"
"Пилотный проект 20 улиц/4. Харьковская улица/Исходные данные/Харьковская_улица_дендроплан_на_СГП/Внешние ссылки/Гео/3ДЖКХпр-25_00577_1/output[2]_3_ДЖКХпр-25_00577_1kl.dwg",190041,"AC1015","R2000","candidate_same_or_newer_dxf"
"Пилотный проект 20 улиц/4. Харьковская улица/Исходные данные/Харьковская_улица_дендроплан_на_СГП/Внешние ссылки/Гео/3ДЖКХпр-25_00577_1/output[2]_3_ДЖКХпр-25_00577_1tp.dwg",117686,"AC1024","R2010","candidate_same_or_newer_dxf"
"Пилотный проект 20 улиц/4. Харьковская улица/Исходные данные/Харьковская_улица_дендроплан_на_СГП/Внешние ссылки/Гео/3ДЖКХпр-25_00577_1/output[2]_3_ДЖКХпр-25_00577_1up.dwg",80202,"AC1024","R2010","candidate_same_or_newer_dxf"
"Пилотный проект 20 улиц/4. Харьковская улица/Исходные данные/Харьковская_улица_дендроплан_на_СГП/Внешние ссылки/Гео/3ДЖКХпр-25_00577_1/output[2]_brd.dwg",63558,"AC1024","R2010","candidate_same_or_newer_dxf"
"Пилотный проект 20 улиц/4. Харьковская улица/Исходные данные/Харьковская_улица_дендроплан_на_СГП/Внешние ссылки/Гео/3ДЖКХпр-25_00627/output[1-6]_3_ДЖКХпр-25_00627kl.dwg",2154370,"AC1024","R2010","candidate_same_or_newer_dxf"
"Пилотный проект 20 улиц/4. Харьковская улица/Исходные данные/Харьковская_улица_дендроплан_на_СГП/Внешние ссылки/Гео/3ДЖКХпр-25_00627/output[1-6]_3_ДЖКХпр-25_00627pp.dwg",93541,"AC1027","R2013-R2017","candidate_same_or_newer_dxf"
"Пилотный проект 20 улиц/4. Харьковская улица/Исходные данные/Харьковская_улица_дендроплан_на_СГП/Внешние ссылки/Гео/3ДЖКХпр-25_00627/output[1-6]_3_ДЖКХпр-25_00627tp.dwg",2871115,"AC1027","R2013-R2017","candidate_same_or_newer_dxf"
"Пилотный проект 20 улиц/4. Харьковская улица/Исходные данные/Харьковская_улица_дендроплан_на_СГП/Внешние ссылки/Гео/3ДЖКХпр-25_00627/output[1-6]_3_ДЖКХпр-25_00627up.dwg",2851483,"AC1027","R2013-R2017","candidate_same_or_newer_dxf"
"Пилотный проект 20 улиц/4. Харьковская улица/Исходные данные/Харьковская_улица_дендроплан_на_СГП/Внешние ссылки/Гео/3ДЖКХпр-25_00627/output[1-6]_brd.dwg",46807,"AC1027","R2013-R2017","candidate_same_or_newer_dxf"
"Пилотный проект 20 улиц/4. Харьковская улица/Исходные данные/Харьковская_улица_дендроплан_на_СГП/Внешние ссылки/Гео/3ДЖКХпр-25_00627/output[1-6]_edge006.dwg",1335395,"AC1015","R2000","candidate_same_or_newer_dxf"
"Пилотный проект 20 улиц/4. Харьковская улица/Исходные данные/Харьковская_улица_дендроплан_на_СГП/Внешние ссылки/Гео/output[1-8]_3_ДЖКХ-25_00577kl.dwg",4448880,"AC1032","R2018-R2025","target_ac1032"
"Пилотный проект 20 улиц/4. Харьковская улица/Исходные данные/Харьковская_улица_дендроплан_на_СГП/Внешние ссылки/Гео/output[1-8]_3_ДЖКХ-25_00577pp.dwg",62605,"AC1024","R2010","candidate_same_or_newer_dxf"
"Пилотный проект 20 улиц/4. Харьковская улица/Исходные данные/Харьковская_улица_дендроплан_на_СГП/Внешние ссылки/Гео/output[1-8]_3_ДЖКХ-25_00577tp.dwg",8010947,"AC1024","R2010","candidate_same_or_newer_dxf"
"Пилотный проект 20 улиц/4. Харьковская улица/Исходные данные/Харьковская_улица_дендроплан_на_СГП/Внешние ссылки/Гео/output[1-8]_3_ДЖКХ-25_00577up.dwg",7695876,"AC1024","R2010","candidate_same_or_newer_dxf"
"Пилотный проект 20 улиц/4. Харьковская улица/Исходные данные/Харьковская_улица_дендроплан_на_СГП/Внешние ссылки/Гео/output[1-8]_brd.dwg",87583,"AC1024","R2010","candidate_same_or_newer_dxf"
"Пилотный проект 20 улиц/4. Харьковская улица/Исходные данные/Харьковская_улица_дендроплан_на_СГП/Внешние ссылки/Гео/output[1-8]_edge001.dwg",1340664,"AC1015","R2000","candidate_same_or_newer_dxf"
"Пилотный проект 20 улиц/4. Харьковская улица/Исходные данные/Харьковская_улица_дендроплан_на_СГП/Внешние ссылки/Гео/output[1-8]_edge002.dwg",1340964,"AC1015","R2000","candidate_same_or_newer_dxf"
"Пилотный проект 20 улиц/4. Харьковская улица/Исходные данные/Харьковская_улица_дендроплан_на_СГП/Внешние ссылки/Гео/output[1-8]_edge003.dwg",1340964,"AC1015","R2000","candidate_same_or_newer_dxf"
"Пилотный проект 20 улиц/4. Харьковская улица/Исходные данные/Харьковская_улица_дендроплан_на_СГП/Внешние ссылки/Гео/output[1-8]_edge004.dwg",1340962,"AC1015","R2000","candidate_same_or_newer_dxf"
"Пилотный проект 20 улиц/4. Харьковская улица/Исходные данные/Харьковская_улица_дендроплан_на_СГП/Внешние ссылки/Гео/output[1-8]_edge005.dwg",1340963,"AC1015","R2000","candidate_same_or_newer_dxf"
"Пилотный проект 20 улиц/4. Харьковская улица/Исходные данные/Харьковская_улица_дендроплан_на_СГП/Внешние ссылки/Гео/output[1-8]_edge006.dwg",1340967,"AC1015","R2000","candidate_same_or_newer_dxf"
"Пилотный проект 20 улиц/4. Харьковская улица/Исходные данные/Харьковская_улица_дендроплан_на_СГП/Внешние ссылки/Гео/output[1-8]_edge007.dwg",1340971,"AC1015","R2000","candidate_same_or_newer_dxf"
"Пилотный проект 20 улиц/4. Харьковская улица/Исходные данные/Харьковская_улица_дендроплан_на_СГП/Внешние ссылки/Гео/output[1-8]_edge008.dwg",1340971,"AC1015","R2000","candidate_same_or_newer_dxf"
"Пилотный проект 20 улиц/4. Харьковская улица/Исходные данные/Харьковская_улица_дендроплан_на_СГП/Внешние ссылки/Гео/Доп подземка.dwg",56640,"AC1024","R2010","candidate_same_or_newer_dxf"
"Пилотный проект 20 улиц/4. Харьковская улица/Исходные данные/Харьковская_улица_дендроплан_на_СГП/Внешние ссылки/Гео/Доп топо.dwg",61372,"AC1024","R2010","candidate_same_or_newer_dxf"
"Пилотный проект 20 улиц/4. Харьковская улица/Исходные данные/Харьковская_улица_дендроплан_на_СГП/Внешние ссылки/Захватки ПОС.dwg",147131,"AC1024","R2010","candidate_same_or_newer_dxf"
"Пилотный проект 20 улиц/4. Харьковская улица/Исходные данные/Харьковская_улица_дендроплан_на_СГП/Внешние ссылки/Электрика/ИОТ1.dwg",4569829,"AC1024","R2010","candidate_same_or_newer_dxf"
"Пилотный проект 20 улиц/4. Харьковская улица/Исходные данные/Харьковская_улица_дендроплан_на_СГП/Внешние ссылки/Электрика/ИОТ2.dwg",377060,"AC1024","R2010","candidate_same_or_newer_dxf"
"Пилотный проект 20 улиц/4. Харьковская улица/Проектное решение/DWG/Харьковская АПОТ_2026-01-15.dwg",7378584,"AC1032","R2018-R2025","target_ac1032"
"Пилотный проект 20 улиц/4. Харьковская улица/Проектное решение/DWG/Харьковская ул_Посадочный+ Разбивочный.dwg",5361023,"AC1032","R2018-R2025","target_ac1032"
"Пилотный проект 20 улиц/4. Харьковская улица/Проектное решение/DWG/Харьковская ул_Посадочный+.dwg",5549938,"AC1032","R2018-R2025","target_ac1032"
"Пилотный проект 20 улиц/4. Харьковская улица/Проектное решение/DWG/Харьковская улица ГП.dwg",7378584,"AC1032","R2018-R2025","target_ac1032"
"Пилотный проект 20 улиц/5. Багрицкого улица/Исходные данные/10000450_ул Багрицкого_ГП и ПБ/3ДЖКХ-24_02615/output[1-3]_3_ДЖКХ-24_02615tp.dwg",1926401,"AC1032","R2018-R2025","target_ac1032"
"Пилотный проект 20 улиц/5. Багрицкого улица/Исходные данные/10000450_ул Багрицкого_ГП и ПБ/3ДЖКХ-24_02619/output[1-2]_3_ДЖКХ-24_02619kl.dwg",1553115,"AC1015","R2000","candidate_same_or_newer_dxf"
"Пилотный проект 20 улиц/5. Багрицкого улица/Исходные данные/10000450_ул Багрицкого_ГП и ПБ/3ДЖКХ-24_02619/output[1-2]_3_ДЖКХ-24_02619tp.dwg",849064,"AC1032","R2018-R2025","target_ac1032"
"Пилотный проект 20 улиц/5. Багрицкого улица/Исходные данные/10000450_ул Багрицкого_ГП и ПБ/3ДЖКХ-24_02619/output[1-2]_3_ДЖКХ-24_02619up.dwg",1496417,"AC1032","R2018-R2025","target_ac1032"
"Пилотный проект 20 улиц/5. Багрицкого улица/Исходные данные/10000450_ул Багрицкого_ГП и ПБ/3ДЖКХ-25_05352/output[1-7]_3_ДЖКХ-25_05352kl.dwg",5840850,"AC1015","R2000","candidate_same_or_newer_dxf"
"Пилотный проект 20 улиц/5. Багрицкого улица/Исходные данные/10000450_ул Багрицкого_ГП и ПБ/3ДЖКХ-25_05352/output[1-7]_3_ДЖКХ-25_05352pp.dwg",405242,"AC1032","R2018-R2025","target_ac1032"
"Пилотный проект 20 улиц/5. Багрицкого улица/Исходные данные/10000450_ул Багрицкого_ГП и ПБ/3ДЖКХ-25_05352/output[1-7]_3_ДЖКХ-25_05352tp.dwg",3853870,"AC1032","R2018-R2025","target_ac1032"
"Пилотный проект 20 улиц/5. Багрицкого улица/Исходные данные/10000450_ул Багрицкого_ГП и ПБ/3ДЖКХ-25_05352/output[1-7]_3_ДЖКХ-25_05352up.dwg",4593006,"AC1032","R2018-R2025","target_ac1032"
"Пилотный проект 20 улиц/5. Багрицкого улица/Исходные данные/10000450_ул Багрицкого_ГП и ПБ/3ДЖКХ-25_05352/output[1-7]_brd.dwg",50688,"AC1032","R2018-R2025","target_ac1032"
"Пилотный проект 20 улиц/5. Багрицкого улица/Исходные данные/10000450_ул Багрицкого_ГП и ПБ/3ДЖКХ-25_05352_1/output[1]_3_ДЖКХ-25_05352_1kl.dwg",190151,"AC1015","R2000","candidate_same_or_newer_dxf"
"Пилотный проект 20 улиц/5. Багрицкого улица/Исходные данные/10000450_ул Багрицкого_ГП и ПБ/3ДЖКХ-25_05352_1/output[1]_3_ДЖКХ-25_05352_1tp.dwg",77599,"AC1032","R2018-R2025","target_ac1032"
"Пилотный проект 20 улиц/5. Багрицкого улица/Исходные данные/10000450_ул Багрицкого_ГП и ПБ/3ДЖКХ-25_05352_1/output[1]_3_ДЖКХ-25_05352_1up.dwg",67158,"AC1032","R2018-R2025","target_ac1032"
"Пилотный проект 20 улиц/5. Багрицкого улица/Исходные данные/10000450_ул Багрицкого_ГП и ПБ/3ДЖКХ-25_05352_1/output[1]_brd.dwg",24391,"AC1032","R2018-R2025","target_ac1032"
"Пилотный проект 20 улиц/5. Багрицкого улица/Исходные данные/10000450_ул Багрицкого_ГП и ПБ/3ДЖКХ-25_05352_1/output[2]_3_ДЖКХ-25_05352_1kl.dwg",754049,"AC1015","R2000","candidate_same_or_newer_dxf"
"Пилотный проект 20 улиц/5. Багрицкого улица/Исходные данные/10000450_ул Багрицкого_ГП и ПБ/3ДЖКХ-25_05352_1/output[2]_3_ДЖКХ-25_05352_1pp.dwg",55445,"AC1032","R2018-R2025","target_ac1032"
"Пилотный проект 20 улиц/5. Багрицкого улица/Исходные данные/10000450_ул Багрицкого_ГП и ПБ/3ДЖКХ-25_05352_1/output[2]_3_ДЖКХ-25_05352_1tp.dwg",316824,"AC1032","R2018-R2025","target_ac1032"
"Пилотный проект 20 улиц/5. Багрицкого улица/Исходные данные/10000450_ул Багрицкого_ГП и ПБ/3ДЖКХ-25_05352_1/output[2]_3_ДЖКХ-25_05352_1up.dwg",194945,"AC1032","R2018-R2025","target_ac1032"
"Пилотный проект 20 улиц/5. Багрицкого улица/Исходные данные/10000450_ул Багрицкого_ГП и ПБ/3ДЖКХ-25_05352_1/output[2]_brd.dwg",24614,"AC1032","R2018-R2025","target_ac1032"
"Пилотный проект 20 улиц/5. Багрицкого улица/Исходные данные/10000450_ул Багрицкого_ГП и ПБ/ГП и ПБ ул Багрицкого.dwg",13907878,"AC1032","R2018-R2025","target_ac1032"
"Пилотный проект 20 улиц/5. Багрицкого улица/Исходные данные/10000450_ул Багрицкого_ГП и ПБ/ссылки/10000450_Борт.dwg",389178,"AC1032","R2018-R2025","target_ac1032"
"Пилотный проект 20 улиц/5. Багрицкого улица/Исходные данные/10000450_ул Багрицкого_ГП и ПБ/ссылки/10000450_Граница работ_Багрицкого.dwg",429176,"AC1032","R2018-R2025","target_ac1032"
"Пилотный проект 20 улиц/5. Багрицкого улица/Исходные данные/10000450_ул Багрицкого_ГП и ПБ/ссылки/10000450_Заливка (2).dwg",280927,"AC1032","R2018-R2025","target_ac1032"
"Пилотный проект 20 улиц/5. Багрицкого улица/Исходные данные/10000450_ул Багрицкого_ГП и ПБ/ссылки/10000450_МАФ.dwg",567684,"AC1032","R2018-R2025","target_ac1032"
"Пилотный проект 20 улиц/5. Багрицкого улица/Исходные данные/10000450_ул Багрицкого_ГП и ПБ/ссылки/10000450_Ось.dwg",368689,"AC1032","R2018-R2025","target_ac1032"
"Пилотный проект 20 улиц/5. Багрицкого улица/Исходные данные/10000450_ул Багрицкого_ГП и ПБ/ссылки/15-2_17-2_10000450_план НО.dwg",303148,"AC1032","R2018-R2025","target_ac1032"
"Пилотный проект 20 улиц/5. Багрицкого улица/Исходные данные/10000450_ул Багрицкого_ГП и ПБ/ссылки/Борта_Ращупкина.dwg",164852,"AC1032","R2018-R2025","target_ac1032"
"Пилотный проект 20 улиц/5. Багрицкого улица/Исходные данные/10000450_ул Багрицкого_ГП и ПБ/ссылки/Борта_Сафоновская.dwg",124264,"AC1032","R2018-R2025","target_ac1032"
"Пилотный проект 20 улиц/5. Багрицкого улица/Исходные данные/10000450_ул Багрицкого_ДП/3ДЖКХ-24_02615/output[1-3]_3_ДЖКХ-24_02615tp.dwg",1926401,"AC1032","R2018-R2025","target_ac1032"
"Пилотный проект 20 улиц/5. Багрицкого улица/Исходные данные/10000450_ул Багрицкого_ДП/3ДЖКХ-24_02619/output[1-2]_3_ДЖКХ-24_02619kl.dwg",1553115,"AC1015","R2000","candidate_same_or_newer_dxf"
"Пилотный проект 20 улиц/5. Багрицкого улица/Исходные данные/10000450_ул Багрицкого_ДП/3ДЖКХ-24_02619/output[1-2]_3_ДЖКХ-24_02619tp.dwg",849064,"AC1032","R2018-R2025","target_ac1032"
"Пилотный проект 20 улиц/5. Багрицкого улица/Исходные данные/10000450_ул Багрицкого_ДП/3ДЖКХ-24_02619/output[1-2]_3_ДЖКХ-24_02619up.dwg",1496417,"AC1032","R2018-R2025","target_ac1032"
"Пилотный проект 20 улиц/5. Багрицкого улица/Исходные данные/10000450_ул Багрицкого_ДП/3ДЖКХ-25_05352/output[1-7]_3_ДЖКХ-25_05352kl.dwg",5840850,"AC1015","R2000","candidate_same_or_newer_dxf"
"Пилотный проект 20 улиц/5. Багрицкого улица/Исходные данные/10000450_ул Багрицкого_ДП/3ДЖКХ-25_05352/output[1-7]_3_ДЖКХ-25_05352pp.dwg",405242,"AC1032","R2018-R2025","target_ac1032"
"Пилотный проект 20 улиц/5. Багрицкого улица/Исходные данные/10000450_ул Багрицкого_ДП/3ДЖКХ-25_05352/output[1-7]_3_ДЖКХ-25_05352tp.dwg",3853870,"AC1032","R2018-R2025","target_ac1032"
"Пилотный проект 20 улиц/5. Багрицкого улица/Исходные данные/10000450_ул Багрицкого_ДП/3ДЖКХ-25_05352/output[1-7]_3_ДЖКХ-25_05352up.dwg",4593034,"AC1032","R2018-R2025","target_ac1032"
"Пилотный проект 20 улиц/5. Багрицкого улица/Исходные данные/10000450_ул Багрицкого_ДП/3ДЖКХ-25_05352/output[1-7]_brd.dwg",50688,"AC1032","R2018-R2025","target_ac1032"
"Пилотный проект 20 улиц/5. Багрицкого улица/Исходные данные/10000450_ул Багрицкого_ДП/3ДЖКХ-25_05352_1/output[1]_3_ДЖКХ-25_05352_1kl.dwg",190151,"AC1015","R2000","candidate_same_or_newer_dxf"
"Пилотный проект 20 улиц/5. Багрицкого улица/Исходные данные/10000450_ул Багрицкого_ДП/3ДЖКХ-25_05352_1/output[1]_3_ДЖКХ-25_05352_1tp.dwg",77599,"AC1032","R2018-R2025","target_ac1032"
"Пилотный проект 20 улиц/5. Багрицкого улица/Исходные данные/10000450_ул Багрицкого_ДП/3ДЖКХ-25_05352_1/output[1]_3_ДЖКХ-25_05352_1up.dwg",67158,"AC1032","R2018-R2025","target_ac1032"
"Пилотный проект 20 улиц/5. Багрицкого улица/Исходные данные/10000450_ул Багрицкого_ДП/3ДЖКХ-25_05352_1/output[1]_brd.dwg",24391,"AC1032","R2018-R2025","target_ac1032"
"Пилотный проект 20 улиц/5. Багрицкого улица/Исходные данные/10000450_ул Багрицкого_ДП/3ДЖКХ-25_05352_1/output[2]_3_ДЖКХ-25_05352_1kl.dwg",754049,"AC1015","R2000","candidate_same_or_newer_dxf"
"Пилотный проект 20 улиц/5. Багрицкого улица/Исходные данные/10000450_ул Багрицкого_ДП/3ДЖКХ-25_05352_1/output[2]_3_ДЖКХ-25_05352_1pp.dwg",55413,"AC1032","R2018-R2025","target_ac1032"
"Пилотный проект 20 улиц/5. Багрицкого улица/Исходные данные/10000450_ул Багрицкого_ДП/3ДЖКХ-25_05352_1/output[2]_3_ДЖКХ-25_05352_1tp.dwg",316824,"AC1032","R2018-R2025","target_ac1032"
"Пилотный проект 20 улиц/5. Багрицкого улица/Исходные данные/10000450_ул Багрицкого_ДП/3ДЖКХ-25_05352_1/output[2]_3_ДЖКХ-25_05352_1up.dwg",194913,"AC1032","R2018-R2025","target_ac1032"
"Пилотный проект 20 улиц/5. Багрицкого улица/Исходные данные/10000450_ул Багрицкого_ДП/3ДЖКХ-25_05352_1/output[2]_brd.dwg",24614,"AC1032","R2018-R2025","target_ac1032"
"Пилотный проект 20 улиц/5. Багрицкого улица/Исходные данные/10000450_ул Багрицкого_ДП/ДП ул Багрицкого_актуал.dwg",9919464,"AC1027","R2013-R2017","candidate_same_or_newer_dxf"
"Пилотный проект 20 улиц/5. Багрицкого улица/Исходные данные/10000450_ул Багрицкого_ДП/ссылки/10000450_Борт.dwg",389498,"AC1032","R2018-R2025","target_ac1032"
"Пилотный проект 20 улиц/5. Багрицкого улица/Исходные данные/10000450_ул Багрицкого_ДП/ссылки/10000450_Граница работ_Багрицкого для ДП.dwg",431764,"AC1032","R2018-R2025","target_ac1032"
"Пилотный проект 20 улиц/5. Багрицкого улица/Исходные данные/10000450_ул Багрицкого_ДП/ссылки/10000450_Граница работ_Багрицкого.dwg",432152,"AC1032","R2018-R2025","target_ac1032"
"Пилотный проект 20 улиц/5. Багрицкого улица/Исходные данные/10000450_ул Багрицкого_ДП/ссылки/10000450_Заливка (2).dwg",280960,"AC1032","R2018-R2025","target_ac1032"
"Пилотный проект 20 улиц/5. Багрицкого улица/Исходные данные/10000450_ул Багрицкого_ДП/ссылки/10000450_Ось.dwg",368626,"AC1032","R2018-R2025","target_ac1032"
"Пилотный проект 20 улиц/5. Багрицкого улица/Исходные данные/10000450_ул Багрицкого_ДП/ссылки/Борта_Ращупкина.dwg",164852,"AC1032","R2018-R2025","target_ac1032"
"Пилотный проект 20 улиц/5. Багрицкого улица/Исходные данные/10000450_ул Багрицкого_ДП/ссылки/Борта_Сафоновская.dwg",124264,"AC1032","R2018-R2025","target_ac1032"
"Пилотный проект 20 улиц/5. Багрицкого улица/Проектное решение/DWG/01_ГП ул Багрицкого_Озеленение.dwg",11288224,"AC1027","R2013-R2017","candidate_same_or_newer_dxf"
"Пилотный проект 20 улиц/5. Багрицкого улица/Проектное решение/DWG/3ДЖКХ-24_02619/output[1-2]_3_ДЖКХ-24_02619kl.dwg",309501,"AC1032","R2018-R2025","target_ac1032"
"Пилотный проект 20 улиц/5. Багрицкого улица/Проектное решение/DWG/3ДЖКХ-24_02619/output[1-2]_3_ДЖКХ-24_02619tp.dwg",848871,"AC1032","R2018-R2025","target_ac1032"
"Пилотный проект 20 улиц/5. Багрицкого улица/Проектное решение/DWG/3ДЖКХ-24_02619/output[1-2]_3_ДЖКХ-24_02619up.dwg",1496416,"AC1032","R2018-R2025","target_ac1032"
"Пилотный проект 20 улиц/5. Багрицкого улица/Проектное решение/DWG/3ДЖКХ-25_05352/output[1-7]_3_ДЖКХ-25_05352kl.dwg",1181052,"AC1032","R2018-R2025","target_ac1032"
"Пилотный проект 20 улиц/5. Багрицкого улица/Проектное решение/DWG/3ДЖКХ-25_05352/output[1-7]_3_ДЖКХ-25_05352pp.dwg",405179,"AC1032","R2018-R2025","target_ac1032"
"Пилотный проект 20 улиц/5. Багрицкого улица/Проектное решение/DWG/3ДЖКХ-25_05352/output[1-7]_3_ДЖКХ-25_05352tp.dwg",3853310,"AC1032","R2018-R2025","target_ac1032"
"Пилотный проект 20 улиц/5. Багрицкого улица/Проектное решение/DWG/3ДЖКХ-25_05352/output[1-7]_3_ДЖКХ-25_05352up.dwg",4593038,"AC1032","R2018-R2025","target_ac1032"
"Пилотный проект 20 улиц/5. Багрицкого улица/Проектное решение/DWG/3ДЖКХ-25_05352/output[1-7]_brd.dwg",50687,"AC1032","R2018-R2025","target_ac1032"
"Пилотный проект 20 улиц/5. Багрицкого улица/Проектное решение/DWG/3ДЖКХ-25_05352_1/output[1]_3_ДЖКХ-25_05352_1kl.dwg",190299,"AC1015","R2000","candidate_same_or_newer_dxf"
"Пилотный проект 20 улиц/5. Багрицкого улица/Проектное решение/DWG/3ДЖКХ-25_05352_1/output[1]_3_ДЖКХ-25_05352_1tp.dwg",76640,"AC1032","R2018-R2025","target_ac1032"
"Пилотный проект 20 улиц/5. Багрицкого улица/Проектное решение/DWG/3ДЖКХ-25_05352_1/output[1]_3_ДЖКХ-25_05352_1up.dwg",67159,"AC1032","R2018-R2025","target_ac1032"
"Пилотный проект 20 улиц/5. Багрицкого улица/Проектное решение/DWG/3ДЖКХ-25_05352_1/output[1]_brd.dwg",24426,"AC1032","R2018-R2025","target_ac1032"
"Пилотный проект 20 улиц/5. Багрицкого улица/Проектное решение/DWG/3ДЖКХ-25_05352_1/output[2]_3_ДЖКХ-25_05352_1kl.dwg",145608,"AC1032","R2018-R2025","target_ac1032"
"Пилотный проект 20 улиц/5. Багрицкого улица/Проектное решение/DWG/3ДЖКХ-25_05352_1/output[2]_3_ДЖКХ-25_05352_1pp.dwg",55447,"AC1032","R2018-R2025","target_ac1032"
"Пилотный проект 20 улиц/5. Багрицкого улица/Проектное решение/DWG/3ДЖКХ-25_05352_1/output[2]_3_ДЖКХ-25_05352_1tp.dwg",315862,"AC1032","R2018-R2025","target_ac1032"
"Пилотный проект 20 улиц/5. Багрицкого улица/Проектное решение/DWG/3ДЖКХ-25_05352_1/output[2]_3_ДЖКХ-25_05352_1up.dwg",194912,"AC1032","R2018-R2025","target_ac1032"
"Пилотный проект 20 улиц/5. Багрицкого улица/Проектное решение/DWG/3ДЖКХ-25_05352_1/output[2]_brd.dwg",24616,"AC1032","R2018-R2025","target_ac1032"
"Пилотный проект 20 улиц/5. Багрицкого улица/Проектное решение/DWG/ссылки/10000450_Борт.dwg",358610,"AC1032","R2018-R2025","target_ac1032"
"Пилотный проект 20 улиц/5. Багрицкого улица/Проектное решение/DWG/ссылки/10000450_Граница работ_Багрицкого.dwg",430462,"AC1032","R2018-R2025","target_ac1032"
"Пилотный проект 20 улиц/5. Багрицкого улица/Проектное решение/DWG/ссылки/10000450_Заливка (2).dwg",276667,"AC1032","R2018-R2025","target_ac1032"
"Пилотный проект 20 улиц/5. Багрицкого улица/Проектное решение/DWG/ссылки/10000450_МАФ.dwg",567898,"AC1032","R2018-R2025","target_ac1032"
"Пилотный проект 20 улиц/5. Багрицкого улица/Проектное решение/DWG/ссылки/10000450_Ось.dwg",153369,"AC1032","R2018-R2025","target_ac1032"
"Пилотный проект 20 улиц/5. Багрицкого улица/Проектное решение/DWG/ссылки/15-2_17-2_10000450_план НО.dwg",302166,"AC1032","R2018-R2025","target_ac1032"
"Пилотный проект 20 улиц/5. Багрицкого улица/Проектное решение/DWG/ссылки/Борта_Ращупкина.dwg",170709,"AC1032","R2018-R2025","target_ac1032"
"Пилотный проект 20 улиц/5. Багрицкого улица/Проектное решение/DWG/ссылки/Борта_Сафоновская.dwg",123021,"AC1032","R2018-R2025","target_ac1032"
"Пилотный проект 20 улиц/5. Багрицкого улица/Проектное решение/DWG/ссылки/ДП ул Багрицкого_актуализированный.dwg",3653258,"AC1027","R2013-R2017","candidate_same_or_newer_dxf"
"Пилотный проект 20 улиц/6. Камчатская улица/Исходные данные/04_10001636-АПОТ-ГЧ-17.01.26.dwg",4243268,"AC1032","R2018-R2025","target_ac1032"
"Пилотный проект 20 улиц/6. Камчатская улица/Исходные данные/Внешние ссылки/ИОТ1/XREF_ИОТ1_Камчатская.dwg",1040928,"AC1027","R2013-R2017","candidate_same_or_newer_dxf"
"Пилотный проект 20 улиц/6. Камчатская улица/Исходные данные/Внешние ссылки/ИОТ2/XREF_ИОТ2_Камчатская.dwg",48216,"AC1032","R2018-R2025","target_ac1032"
"Пилотный проект 20 улиц/6. Камчатская улица/Исходные данные/Внешние ссылки/игди/XREF_ИГДИ_Камчатская улица.dwg",6950026,"AC1032","R2018-R2025","target_ac1032"
"Пилотный проект 20 улиц/6. Камчатская улица/Исходные данные/Внешние ссылки/игди/XREF_ИГДИ_Курганская.dwg",2169078,"AC1032","R2018-R2025","target_ac1032"
"Пилотный проект 20 улиц/6. Камчатская улица/Исходные данные/Дендроплан+ПВ/ИП_Камчатская ул/Desktop/ГЕО+Границы работ.dwg",7979858,"AC1032","R2018-R2025","target_ac1032"
"Пилотный проект 20 улиц/6. Камчатская улица/Исходные данные/Дендроплан+ПВ/ИП_Камчатская ул/ИП_Камчатская ул.dwg",575723,"AC1032","R2018-R2025","target_ac1032"
"Пилотный проект 20 улиц/6. Камчатская улица/Проектное решение/dwg./Генплан Камчатская+++.dwg",17192418,"AC1032","R2018-R2025","target_ac1032"
"Пилотный проект 20 улиц/6. Камчатская улица/Проектное решение/dwg./Камчатская_ГП.dwg",12042563,"AC1032","R2018-R2025","target_ac1032"
"Пилотный проект 20 улиц/6. Камчатская улица/Проектное решение/dwg./Камчатская_ДИ (1).dwg",12744971,"AC1032","R2018-R2025","target_ac1032"
"Пилотный проект 20 улиц/6. Камчатская улица/Проектное решение/dwg./Камчатская_ДИ.dwg",12082754,"AC1032","R2018-R2025","target_ac1032"
"Пилотный проект 20 улиц/6. Камчатская улица/Проектное решение/dwg./Катчатская_Посадочный.dwg",17016421,"AC1032","R2018-R2025","target_ac1032"
"Пилотный проект 20 улиц/7. Нижние Поля ул/Исходные данные/02_ГП - Standard/02_ГП.dwg",9655970,"AC1032","R2018-R2025","target_ac1032"
"Пилотный проект 20 улиц/7. Нижние Поля ул/Исходные данные/02_ГП - Standard/ИП_Нижние поля для подгрузки.dwg",674264,"AC1032","R2018-R2025","target_ac1032"
"Пилотный проект 20 улиц/7. Нижние Поля ул/Исходные данные/02_ГП - Standard/ИСХ/гео.dwg",46772860,"AC1032","R2018-R2025","target_ac1032"
"Пилотный проект 20 улиц/7. Нижние Поля ул/Исходные данные/02_ГП - Standard/ИСХ/кусище.dwg",4348951,"AC1032","R2018-R2025","target_ac1032"
"Пилотный проект 20 улиц/7. Нижние Поля ул/Проектное решение /DWG/ГП_НОвые поля_.dwg",18889729,"AC1027","R2013-R2017","candidate_same_or_newer_dxf"
"Пилотный проект 20 улиц/7. Нижние Поля ул/Проектное решение /DWG/Нижние поля_дендроплан.dwg",1616797,"AC1027","R2013-R2017","candidate_same_or_newer_dxf"
"Пилотный проект 20 улиц/7. Нижние Поля ул/Проектное решение /DWG/РПЧ.dwg",1521014,"AC1027","R2013-R2017","candidate_same_or_newer_dxf"
"Пилотный проект 20 улиц/7. Нижние Поля ул/Проектное решение /ИСХ/гео.dwg",51656111,"AC1027","R2013-R2017","candidate_same_or_newer_dxf"
"Пилотный проект 20 улиц/7. Нижние Поля ул/Проектное решение /ИСХ/кусище.dwg",4489753,"AC1027","R2013-R2017","candidate_same_or_newer_dxf"
"Пилотный проект 20 улиц/8. Лодочная/Исходные данный/06_Л_Генеральный план М 1_500 - Standard/00_Ссылки/Л_Генеральный план.dwg",81917,"AC1032","R2018-R2025","target_ac1032"
"Пилотный проект 20 улиц/8. Лодочная/Исходные данный/06_Л_Генеральный план М 1_500 - Standard/00_Ссылки/Л_Геодезия.dwg",87168,"AC1032","R2018-R2025","target_ac1032"
"Пилотный проект 20 улиц/8. Лодочная/Исходные данный/06_Л_Генеральный план М 1_500 - Standard/00_Ссылки/Л_Граница благоустройства.dwg",127298,"AC1032","R2018-R2025","target_ac1032"
"Пилотный проект 20 улиц/8. Лодочная/Исходные данный/06_Л_Генеральный план М 1_500 - Standard/01_Ссылки/Л_Рабочий файл_Борт.dwg",4118439,"AC1032","R2018-R2025","target_ac1032"
"Пилотный проект 20 улиц/8. Лодочная/Исходные данный/06_Л_Генеральный план М 1_500 - Standard/01_Ссылки/Л_Рабочий файл_Велоинфраструктура.dwg",3633939,"AC1032","R2018-R2025","target_ac1032"
"Пилотный проект 20 улиц/8. Лодочная/Исходные данный/06_Л_Генеральный план М 1_500 - Standard/01_Ссылки/Л_Рабочий файл_Дорожная разметка.dwg",4051344,"AC1032","R2018-R2025","target_ac1032"
"Пилотный проект 20 улиц/8. Лодочная/Исходные данный/06_Л_Генеральный план М 1_500 - Standard/01_Ссылки/Л_Рабочий файл_Заливки (цельные заливки для ОДД-Э).dwg",3772146,"AC1032","R2018-R2025","target_ac1032"
"Пилотный проект 20 улиц/8. Лодочная/Исходные данный/06_Л_Генеральный план М 1_500 - Standard/01_Ссылки/Л_Рабочий файл_МАФ.dwg",3677176,"AC1032","R2018-R2025","target_ac1032"
"Пилотный проект 20 улиц/8. Лодочная/Исходные данный/06_Л_Генеральный план М 1_500 - Standard/02_Геодезия/Л_штамп МГГТ.dwg",1017843,"AC1032","R2018-R2025","target_ac1032"
"Пилотный проект 20 улиц/8. Лодочная/Исходные данный/06_Л_Генеральный план М 1_500 - Standard/06_Л_Генеральный план М 1_500.dwg",15312508,"AC1032","R2018-R2025","target_ac1032"
"Пилотный проект 20 улиц/8. Лодочная/Исходные данный/06_Л_Генеральный план М 1_500 - Standard/0_Генеральный план/Л_ГП_ООС_2.dwg",3269371,"AC1032","R2018-R2025","target_ac1032"
"Пилотный проект 20 улиц/8. Лодочная/Исходные данный/06_Л_Генеральный план М 1_500 - Standard/0_Геодезия/Л_ИТП_Коммуникации.dwg",7687863,"AC1032","R2018-R2025","target_ac1032"
"Пилотный проект 20 улиц/8. Лодочная/Исходные данный/06_Л_Генеральный план М 1_500 - Standard/0_Геодезия/Л_ИТП_Топография.dwg",8654930,"AC1032","R2018-R2025","target_ac1032"
"Пилотный проект 20 улиц/8. Лодочная/Исходные данный/06_Л_Генеральный план М 1_500 - Standard/3ДЖКХ-2400362/Л_ИТП_Коммуникации 3ДЖКХ-2400362.dwg",2016960,"AC1032","R2018-R2025","target_ac1032"
"Пилотный проект 20 улиц/8. Лодочная/Исходные данный/06_Л_Генеральный план М 1_500 - Standard/3ДЖКХ-2400362/Л_ИТП_Топография 3ДЖКХ-2400362.dwg",1783374,"AC1032","R2018-R2025","target_ac1032"
"Пилотный проект 20 улиц/8. Лодочная/Исходные данный/06_Л_Генеральный план М 1_500 - Standard/3ДЖКХ-25_00765/Л_ИТП_Коммуникации 3ДЖКХ-25_00765.dwg",293847,"AC1032","R2018-R2025","target_ac1032"
"Пилотный проект 20 улиц/8. Лодочная/Исходные данный/06_Л_Генеральный план М 1_500 - Standard/3ДЖКХ-25_00765/Л_ИТП_Топография 3ДЖКХ-25_00765.dwg",494735,"AC1032","R2018-R2025","target_ac1032"
"Пилотный проект 20 улиц/8. Лодочная/Исходные данный/06_Л_Генеральный план М 1_500 - Standard/3ДЖКХ-25_02004/Л_ИТП_Коммуникации 3ДЖКХ-25_02004.dwg",147180,"AC1032","R2018-R2025","target_ac1032"
"Пилотный проект 20 улиц/8. Лодочная/Исходные данный/06_Л_Генеральный план М 1_500 - Standard/3ДЖКХ-25_02004/Л_ИТП_Топография 3ДЖКХ-25_02004.dwg",895071,"AC1032","R2018-R2025","target_ac1032"
"Пилотный проект 20 улиц/8. Лодочная/Исходные данный/Дендрологические изыскания/ИП Лодочная ул./0_Геодезия/Л_ИТП_Коммуникации.dwg",7935259,"AC1032","R2018-R2025","target_ac1032"
"Пилотный проект 20 улиц/8. Лодочная/Исходные данный/Дендрологические изыскания/ИП Лодочная ул./0_Геодезия/Л_ИТП_Топография.dwg",9366361,"AC1032","R2018-R2025","target_ac1032"
"Пилотный проект 20 улиц/8. Лодочная/Исходные данный/Дендрологические изыскания/ИП Лодочная ул./Для Нанокад/ИП Лодочная ул..dwg",1894226,"AC1032","R2018-R2025","target_ac1032"
"Пилотный проект 20 улиц/8. Лодочная/Исходные данный/Дендрологические изыскания/ИП Лодочная ул./ИП Лодочная ул..dwg",1894226,"AC1032","R2018-R2025","target_ac1032"
"Пилотный проект 20 улиц/8. Лодочная/Проектное решение/DWG/03_Л_План благоустройства и компенсационного озеленения М 1_500.dwg",14165817,"AC1032","R2018-R2025","target_ac1032"
"Пилотный проект 20 улиц/9. Измайловская площадь /Исходные данные/003464-2025 Измайловская площадь ДИ/ИП_Измайловская площадь/10001620_Измайловская пл/01_24_ДВ_ВАО_10001620_АПОТ ГЕО+Границы работ.dwg",10597690,"AC1027","R2013-R2017","candidate_same_or_newer_dxf"
"Пилотный проект 20 улиц/9. Измайловская площадь /Исходные данные/003464-2025 Измайловская площадь ДИ/ИП_Измайловская площадь/ДИ+граница.dwg",795452,"AC1032","R2018-R2025","target_ac1032"
"Пилотный проект 20 улиц/9. Измайловская площадь /Исходные данные/003464-2025 Измайловская площадь ДИ/ИП_Измайловская площадь/ИП_Измайловская площадь.dwg",220856,"AC1027","R2013-R2017","candidate_same_or_newer_dxf"
"Пилотный проект 20 улиц/9. Измайловская площадь /Исходные данные/01_25_ДВ_ВАО_10001620_АПОТ - Standard/00_Ссылки/XREF_ВП_Измайловская пл.dwg",228867,"AC1032","R2018-R2025","target_ac1032"
"Пилотный проект 20 улиц/9. Измайловская площадь /Исходные данные/01_25_ДВ_ВАО_10001620_АПОТ - Standard/00_Ссылки/XREF_ГЕО_Измайловская пл.dwg",9575645,"AC1032","R2018-R2025","target_ac1032"
"Пилотный проект 20 улиц/9. Измайловская площадь /Исходные данные/01_25_ДВ_ВАО_10001620_АПОТ - Standard/01_25_ДВ_ВАО_10001620_АПОТ.dwg",6030782,"AC1032","R2018-R2025","target_ac1032"
"Пилотный проект 20 улиц/9. Измайловская площадь /Исходные данные/01_25_ДВ_ВАО_10001620_АПОТ - Standard/04.1_ИОТ1/НО_Измайловская пл.dwg",1021880,"AC1032","R2018-R2025","target_ac1032"
"Пилотный проект 20 улиц/9. Измайловская площадь /Исходные данные/01_25_ДВ_ВАО_10001620_АПОТ - Standard/04.2_ИОТ2/ЭС_Измайловская пл.dwg",868392,"AC1032","R2018-R2025","target_ac1032"
"Пилотный проект 20 улиц/9. Измайловская площадь /Проектное решение/DWG/00_Ссылки/XREF_ГЕО_Измайловская пл.dwg",9575645,"AC1032","R2018-R2025","target_ac1032"
"Пилотный проект 20 улиц/9. Измайловская площадь /Проектное решение/DWG/00_Ссылки/xref_вп_измайловская пл.dwg",580512,"AC1021","R2007","candidate_same_or_newer_dxf"
"Пилотный проект 20 улиц/9. Измайловская площадь /Проектное решение/DWG/00_Ссылки/ДИ+граница — 29.05.dwg",603201,"AC1032","R2018-R2025","target_ac1032"
"Пилотный проект 20 улиц/9. Измайловская площадь /Проектное решение/DWG/01_25_ДВ_ВАО_10001620_АПОТ_Проект_Дендрология_актуал — 20.07.26.dwg",14067681,"AC1032","R2018-R2025","target_ac1032"
"Пилотный проект 20 улиц/9. Измайловская площадь /Проектное решение/DWG/Дендроплан_11.08.26.dwg",731483,"AC1032","R2018-R2025","target_ac1032"
"Пилотный проект 20 улиц/9. Измайловская площадь /Проектное решение/DWG/ИТОГ_Дендроплан - Standard/ИРД от ЗК/Дендроплан_11.08.26.dwg",475883,"AC1032","R2018-R2025","target_ac1032"
"Пилотный проект 20 улиц/9. Измайловская площадь /Проектное решение/DWG/ИТОГ_Дендроплан - Standard/Разбивочно-посадочный.dwg",13085339,"AC1032","R2018-R2025","target_ac1032"
"Пилотный проект 20 улиц/9. Измайловская площадь /Проектное решение/DWG/ИТОГ_Разбивочно-посадочный - Standard/ИРД от ЗК/Дендроплан_11.08.26.dwg",475755,"AC1032","R2018-R2025","target_ac1032"
"Пилотный проект 20 улиц/9. Измайловская площадь /Проектное решение/DWG/ИТОГ_Разбивочно-посадочный - Standard/Разбивочно-посадочный.dwg",13074374,"AC1032","R2018-R2025","target_ac1032"
"Шаблоны значков.dwg",2426777,"AC1032","R2018-R2025","target_ac1032"
